"","total_cup_points","variety","country_of_origin","aroma","flavor","aftertaste","body","balance"
"1",90.58,NA,"Ethiopia",8.67,8.83,8.67,8.5,8.42
"2",89.92,"Other","Ethiopia",8.75,8.67,8.5,8.42,8.42
"3",89.75,"Bourbon","Guatemala",8.42,8.5,8.42,8.33,8.42
"4",89,NA,"Ethiopia",8.17,8.58,8.42,8.5,8.25
"5",88.83,"Other","Ethiopia",8.25,8.5,8.25,8.42,8.33
"6",88.83,NA,"Brazil",8.58,8.42,8.42,8.25,8.33
"7",88.75,"Other","Peru",8.42,8.5,8.33,8.25,8.25
"8",88.67,NA,"Ethiopia",8.25,8.33,8.5,8.33,8.5
"9",88.42,NA,"Ethiopia",8.67,8.67,8.58,8.33,8.42
"10",88.25,"Other","Ethiopia",8.08,8.58,8.5,7.67,8.42
"11",88.08,NA,"Ethiopia",8.17,8.67,8.25,7.75,8.17
"12",87.92,"Other","United States",8.25,8.42,8.17,8.08,8.17
"13",87.92,"Other","United States",8.08,8.67,8.33,8,8.08
"14",87.92,NA,"United States (Hawaii)",8.33,8.42,8.08,8.25,8
"15",87.83,NA,"Ethiopia",8.25,8.33,8.5,8.58,8.75
"16",87.58,"Other","United States",8,8.5,8.58,8.17,8
"17",87.42,NA,"Indonesia",8.33,8.25,7.83,8.5,8.42
"18",87.33,NA,"Ethiopia",8.17,8.33,8.25,8.42,8.33
"19",87.25,"Catimor","China",8.42,8.25,8.08,7.92,8
"20",87.25,"Ethiopian Yirgacheffe","Ethiopia",8.17,8.17,8,8.08,8.33
"21",87.25,"Other","United States",8,8.25,8.08,8.25,8
"22",87.17,"Caturra","Costa Rica",8.08,8.25,8,8,8.33
"23",87.17,"Other","Mexico",8.17,8.25,8.17,7.83,8.17
"24",87.08,"Other","United States",8.25,8.33,8.17,7.83,8.17
"25",87.08,NA,"Ethiopia",8.42,8.17,7.92,8.33,8
"26",86.92,"Bourbon","Brazil",8.5,8.5,8,8,8
"27",86.92,NA,"Ethiopia",7.83,8.25,8.08,8.17,8.17
"28",86.83,"SL14","Uganda",8.42,8.17,8.17,7.83,7.92
"29",86.67,"Caturra","Honduras",8.17,8.08,8.08,8.08,8
"30",86.58,"Sumatra","Taiwan",8,8,8,8,8.17
"31",86.58,NA,"Nicaragua",7.92,8.25,8,8,8.08
"32",86.5,NA,"Tanzania, United Republic Of",8.42,8.17,8.17,7.58,8
"33",86.42,"Bourbon","Brazil",8.5,8.17,8,8,8
"34",86.33,"Caturra","Costa Rica",8.17,7.83,8,7.83,8
"35",86.25,NA,"Ethiopia",8,8.08,7.92,8.08,8.08
"36",86.25,"SL34","Kenya",8.08,8,8,7.92,7.92
"37",86.25,"Hawaiian Kona","United States (Hawaii)",8.08,8.17,8,7.92,7.83
"38",86.25,NA,"United States (Hawaii)",8.25,8.42,8.08,7.67,7.83
"39",86.25,NA,"Ethiopia",7.92,7.75,8.08,8.08,8.17
"40",86.17,"Other","United States",7.67,8.17,8,8.17,8.08
"41",86.17,"Caturra","Thailand",7.83,8.33,7.83,7.58,7.92
"42",86.17,"Yellow Bourbon","Brazil",8.17,7.92,7.92,8.33,8
"43",86.17,"Yellow Bourbon","Brazil",8.42,7.92,8,7.92,8
"44",86.08,"Bourbon","Taiwan",8.08,8.17,7.75,7.75,7.83
"45",86.08,"SL28","Kenya",8.08,8.08,8,7.83,8.08
"46",86.08,"Bourbon","Brazil",8.33,8,8,7.75,8
"47",86,NA,"Uganda",8.08,8.08,7.83,8.08,7.92
"48",86,"Caturra","Colombia",7.75,7.92,7.83,8.08,8.17
"49",86,"SL28","Kenya",7.92,8.17,7.83,7.5,7.92
"50",86,"Other","Uganda",8.25,8,7.83,8,7.92
"51",86,NA,"Ethiopia",7.75,8.08,8,8,8
"52",86,NA,"United States (Hawaii)",8.33,8.17,7.75,7.75,7.83
"53",85.92,"Bourbon","Guatemala",7.92,8.08,7.92,8.08,7.83
"54",85.92,"SL14","Uganda",8.17,8.17,7.92,7.83,7.75
"55",85.92,"Caturra","Colombia",8,8,8,7.83,8
"56",85.83,"Gesha","Panama",8,8,7.92,7.83,8
"57",85.83,NA,"Ethiopia",7.83,8.08,7.92,8,7.92
"58",85.83,"Bourbon","Guatemala",7.83,8,8,7.83,8
"59",85.83,"Catuai","Guatemala",8,8,7.83,7.83,7.83
"60",85.75,"Caturra","Ethiopia",7.83,8,7.83,7.92,8
"61",85.75,NA,"Peru",8,8,8,7.92,7.75
"62",85.75,NA,"Papua New Guinea",8.33,8.42,7.83,8,8.25
"63",85.58,"Bourbon","El Salvador",7.92,8.17,8,7.75,7.83
"64",85.58,"Bourbon","El Salvador",7.83,8,8,7.92,8.17
"65",85.58,"Hawaiian Kona","United States (Hawaii)",7.83,8,7.92,8.08,8
"66",85.5,"Caturra","Panama",8,7.75,7.83,7.67,8.58
"67",85.5,"SL28","Kenya",7.92,7.92,7.83,7.83,7.92
"68",85.5,"Other","Ethiopia",7.83,8,7.83,7.83,8.08
"69",85.5,"SL14","Uganda",8.33,7.92,7.67,7.67,7.92
"70",85.5,"Bourbon","Guatemala",8,7.83,7.67,7.83,8
"71",85.42,NA,"Ethiopia",7.75,7.83,7.83,7.92,7.83
"72",85.42,"SL14","Uganda",8.08,8,7.83,8,7.83
"73",85.42,"Hawaiian Kona","United States (Hawaii)",7.92,7.92,7.75,7.75,7.92
"74",85.42,"Bourbon","Brazil",8,8,8,7.75,8
"75",85.42,NA,"El Salvador",8.08,7.83,7.83,7.83,7.83
"76",85.33,"Catimor","China",8,8,8,7.83,7.75
"77",85.33,"Pacamara","Guatemala",7.83,7.75,7.83,7.83,8.58
"78",85.33,"Caturra","Costa Rica",7.92,8.08,8,8,8.08
"79",85.33,"Caturra","Costa Rica",8,7.58,7.58,8.08,8.5
"80",85.33,"SL34","Kenya",7.83,8.08,7.75,7.92,7.75
"81",85.33,"SL34","Kenya",8,7.92,7.92,7.83,7.75
"82",85.33,NA,"Ethiopia",7.83,7.83,7.92,7.75,7.83
"83",85.33,"Typica","Ethiopia",7.92,7.83,7.75,7.75,7.75
"84",85.25,"Bourbon","Guatemala",8,7.92,7.75,7.92,7.83
"85",85.25,"Caturra","Colombia",8.17,7.92,7.83,7.58,7.83
"86",85.25,"Caturra","Colombia",7.58,8.08,7.92,8,7.92
"87",85.17,"Sumatra Lintong","Indonesia",7.75,7.83,7.67,8.08,7.83
"88",85.17,"Caturra","Guatemala",8.25,8,7.67,7.75,7.67
"89",85.08,"Other","Ethiopia",7.75,8,7.58,8,7.92
"90",85.08,"Caturra","Colombia",8.17,7.83,7.58,8,7.75
"91",85.08,NA,"Ethiopia",8.42,8,7.42,7.92,7.92
"92",85.08,"Hawaiian Kona","United States (Hawaii)",7.58,7.83,7.83,7.83,8.17
"93",85.08,"Caturra","Colombia",7.83,8,7.75,7.83,7.83
"94",85.08,NA,"United States (Hawaii)",8.08,8.17,7.92,8.08,8
"95",85.08,NA,"Ethiopia",7.67,8,7.83,7.92,7.83
"96",85.08,NA,"United States (Hawaii)",7.5,7.92,8.25,7.92,7.75
"97",85,"SL14","Uganda",8.17,7.92,7.75,7.67,7.75
"98",85,"Caturra","Colombia",8,7.92,7.75,7.75,7.83
"99",85,"Catuai","Costa Rica",7.83,8,7.58,7.92,7.83
"100",85,"Typica","Mexico",7.83,8,7.83,7.67,7.83
"101",85,NA,"Kenya",8.17,7.83,7.92,7.67,7.83
"102",85,"SL34","Kenya",7.75,7.83,7.75,8,7.75
"103",85,"Mundo Novo","Brazil",8,8,7.83,7.67,7.67
"104",85,"Pacamara","Mexico",7.92,8.17,7.75,7.42,7.83
"105",85,NA,"United States (Hawaii)",7.75,7.92,7.75,8,8
"106",85,NA,"Guatemala",7.83,8.08,7.67,7.75,7.67
"107",84.92,"Caturra","Colombia",7.92,7.92,7.67,7.92,7.83
"108",84.92,"Caturra","Colombia",7.92,7.83,7.75,7.75,8
"109",84.92,"Typica","Taiwan",7.67,7.83,8,8,7.92
"110",84.92,"Other","Tanzania, United Republic Of",8,7.83,7.83,7.75,7.75
"111",84.92,"Caturra","Colombia",7.75,7.92,7.83,7.75,8
"112",84.92,"Typica","Mexico",7.75,8,7.75,7.5,7.92
"113",84.92,"Bourbon","Brazil",8,7.92,7.75,8,7.75
"114",84.92,"Catuai","Brazil",8,8,7.75,7.5,7.75
"115",84.92,NA,"Kenya",8,7.67,7.83,7.92,7.75
"116",84.83,"Typica","Taiwan",7.92,7.58,7.83,7.83,7.83
"117",84.83,"SL14","Uganda",7.75,7.92,7.67,8.25,7.75
"118",84.83,"Hawaiian Kona","United States (Hawaii)",7.67,7.75,7.75,7.83,8
"119",84.83,NA,"Ethiopia",7.75,7.92,7.83,7.75,7.67
"120",84.83,NA,"Ethiopia",7.42,7.92,7.92,7.83,7.83
"121",84.75,"Caturra","Thailand",7.75,7.75,7.75,8,7.75
"122",84.75,"SL34","Kenya",7.92,7.83,7.58,7.75,7.83
"123",84.75,"Catuai","Honduras",7.83,7.75,8,7.67,7.67
"124",84.75,NA,"El Salvador",7.75,8,8,7.67,7.92
"125",84.75,NA,"Nicaragua",7.83,7.58,7.58,7.75,7.67
"126",84.67,"Bourbon","El Salvador",7.83,7.83,7.5,7.83,7.67
"127",84.67,"Java","Indonesia",7.92,7.83,7.75,7.75,7.75
"128",84.67,"Mundo Novo","Japan",7.75,7.75,7.75,8.08,7.83
"129",84.67,"Catuai","Costa Rica",8.08,7.75,7.67,7.5,7.92
"130",84.67,"Bourbon","Guatemala",7.75,7.83,7.58,7.92,7.75
"131",84.67,"Caturra","Costa Rica",8.17,8,7.83,7.83,7.75
"132",84.67,"Ethiopian Yirgacheffe","Ethiopia",8.08,7.83,7.75,7.58,7.67
"133",84.67,"Other","Costa Rica",7.67,7.58,7.75,7.67,8.58
"134",84.67,"Catuai","Costa Rica",8,7.58,7.83,7.75,7.75
"135",84.67,NA,"Costa Rica",8.08,7.83,7.75,7.92,8
"136",84.67,"Typica","Taiwan",8,7.92,7.75,7.75,7.75
"137",84.67,"Caturra","Colombia",7.75,7.83,7.75,7.75,7.83
"138",84.67,"SL28","Kenya",7.75,7.92,7.83,7.58,7.75
"139",84.67,"Bourbon","Guatemala",8,7.83,7.67,7.67,8
"140",84.67,"Bourbon","Guatemala",7.67,7.83,7.67,7.67,7.83
"141",84.67,"Typica","Mexico",7.83,7.58,7.67,7.92,7.83
"142",84.67,"Other","Uganda",7.92,7.83,7.75,7.67,7.75
"143",84.67,NA,"Peru",7.67,7.83,7.75,7.92,7.83
"144",84.67,NA,"Ethiopia",7.42,7.75,7.75,8,7.92
"145",84.58,"SL34","Kenya",7.92,7.75,7.83,7.58,7.92
"146",84.58,"Other","Colombia",7.83,7.67,7.58,7.67,7.83
"147",84.58,"Caturra","Colombia",7.92,7.83,7.58,7.83,7.67
"148",84.58,"Peaberry","Kenya",7.83,7.83,7.83,7.58,7.83
"149",84.58,"Pacas","Guatemala",7.75,7.83,7.67,7.75,7.83
"150",84.58,"Bourbon","Guatemala",8,7.92,7.67,7.58,7.67
"151",84.58,"Caturra","Colombia",7.67,7.67,7.58,7.58,8.5
"152",84.58,"Caturra","Colombia",7.75,7.75,7.83,7.58,8
"153",84.58,"SL28","Kenya",7.75,7.75,7.75,7.75,7.75
"154",84.58,"Caturra","Colombia",7.67,7.83,7.83,7.58,7.92
"155",84.58,"Bourbon","Costa Rica",7.75,7.83,7.75,7.83,7.67
"156",84.58,"Caturra","Colombia",7.42,7.67,7.75,8.08,7.83
"157",84.58,"Bourbon","Brazil",8,8,7.75,7.58,7.75
"158",84.58,"Catuai","Brazil",8.5,8,7.5,7.5,7.83
"159",84.5,"Caturra","Costa Rica",7.92,7.67,7.92,7.67,7.58
"160",84.5,"SL14","Uganda",7.92,7.75,7.67,7.83,7.75
"161",84.5,"Catimor","China",7.75,7.92,7.67,7.75,7.67
"162",84.5,"Caturra","Costa Rica",7.92,7.83,7.83,7.58,7.58
"163",84.5,"Other","Colombia",8.08,7.67,7.83,7.67,7.67
"164",84.5,"Other","China",7.67,8,7.75,7.75,7.58
"165",84.5,"Bourbon","Guatemala",8.17,7.83,7.67,7.67,7.83
"166",84.5,"SL28","Kenya",7.92,7.83,7.67,7.67,7.75
"167",84.5,"Typica","Mexico",8,7.92,7.42,7.5,7.67
"168",84.5,"Typica","Mexico",7.92,7.83,7.75,7.75,7.83
"169",84.5,"Bourbon","Guatemala",7.67,8,7.67,7.5,7.83
"170",84.5,NA,"Brazil",7.81,7.81,7.88,7.38,8.25
"171",84.5,NA,"Brazil",8.17,7.67,7.75,7.67,7.75
"172",84.42,"Caturra","Costa Rica",7.58,7.83,7.83,7.67,7.58
"173",84.42,"Mandheling","Indonesia",7.67,7.67,7.83,7.83,7.83
"174",84.42,"Caturra","Colombia",7.92,7.83,7.75,7.92,7.67
"175",84.42,"Caturra","Colombia",7.92,7.75,7.67,7.67,7.75
"176",84.42,"Typica","Taiwan",7.83,7.83,7.75,7.5,7.75
"177",84.42,"Hawaiian Kona","United States (Hawaii)",7.92,7.92,7.5,7.5,7.92
"178",84.42,"Pacamara","Mexico",7.75,7.92,7.75,7.83,7.67
"179",84.42,NA,"Ethiopia",7.5,7.75,7.83,7.92,7.75
"180",84.33,"SL28","Kenya",7.33,7.58,7.83,7.75,7.92
"181",84.33,"Caturra","Honduras",7.92,8,7.75,7.67,7.75
"182",84.33,"Caturra","Colombia",7.58,7.75,7.5,7.67,8.5
"183",84.33,"Catuai","Honduras",7.58,7.92,7.58,7.92,7.75
"184",84.33,NA,"Colombia",7.67,7.67,7.75,7.75,7.83
"185",84.33,"Caturra","Colombia",7.75,7.67,8,8.08,7.83
"186",84.33,"Caturra","Colombia",7.75,7.58,7.33,7.58,8.08
"187",84.33,"Typica","Mexico",8,7.75,7.75,7.5,7.67
"188",84.33,"Yellow Bourbon","Brazil",8.17,8,7.5,7.5,7.67
"189",84.33,NA,"Brazil",8,8,7.5,7.67,7.75
"190",84.33,NA,"Ethiopia",7.75,7.75,7.92,7.5,7.92
"191",84.33,NA,"Guatemala",7.5,7.67,7.75,7.92,7.92
"192",84.25,"Typica","Taiwan",7.92,7.75,7.75,7.67,7.83
"193",84.25,"Catimor","Thailand",7.83,7.75,7.75,7.83,7.67
"194",84.25,"Caturra","Colombia",7.83,7.58,7.75,7.67,8
"195",84.25,"Caturra","Guatemala",7.75,7.75,7.58,7.75,7.75
"196",84.25,"Caturra","Guatemala",7.75,7.92,7.5,7.58,7.67
"197",84.25,"Catimor","China",7.83,7.83,7.58,7.75,7.75
"198",84.25,"Caturra","Colombia",7.67,7.67,7.75,7.67,7.92
"199",84.25,"Caturra","Colombia",7.83,7.67,7.75,7.92,7.75
"200",84.25,"Other","Colombia",7.83,7.75,7.83,7.67,7.75
"201",84.25,"Caturra","Colombia",7.42,7.67,7.83,7.92,7.83
"202",84.25,"Other","Tanzania, United Republic Of",7.83,7.67,7.75,7.67,7.67
"203",84.25,"Other","Tanzania, United Republic Of",7.83,7.75,7.75,7.67,7.75
"204",84.25,"Bourbon","Guatemala",7.83,7.83,7.5,7.58,7.75
"205",84.25,"Caturra","Colombia",7.58,7.5,7.75,7.92,7.83
"206",84.25,"Hawaiian Kona","United States (Hawaii)",7.33,7.92,7.92,7.92,8.08
"207",84.25,"Typica","Mexico",7.83,7.92,7.67,7.5,7.75
"208",84.25,"Bourbon","Mexico",7.83,7.83,7.75,7.83,7.58
"209",84.25,"Bourbon","Mexico",7.83,7.92,7.67,7.5,7.75
"210",84.25,"Other","Uganda",8.17,7.75,7.58,7.83,7.58
"211",84.17,"Bourbon","Guatemala",7.75,7.83,7.58,7.67,7.75
"212",84.17,"Caturra","Colombia",7.83,7.75,7.58,7.75,7.83
"213",84.17,"Caturra","Costa Rica",7.92,7.75,7.67,7.5,7.67
"214",84.17,"Caturra","Guatemala",7.75,7.75,7.58,7.67,7.83
"215",84.17,"Caturra","Guatemala",7.75,7.92,7.58,7.67,7.67
"216",84.17,"Bourbon","Guatemala",7.58,7.83,7.58,7.83,7.67
"217",84.17,"Caturra","Colombia",8,7.5,7.5,8,7.83
"218",84.17,"Caturra","Nicaragua",7.67,7.83,7.83,7.67,7.83
"219",84.17,"Catuai","Brazil",7.67,7.75,7.75,7.83,7.75
"220",84.17,"Caturra","Costa Rica",7.67,7.75,7.67,7.5,8
"221",84.17,"Gesha","Ethiopia",7.5,7.92,7.58,7.75,7.83
"222",84.17,"Other","Tanzania, United Republic Of",7.92,7.75,7.75,7.75,7.58
"223",84.17,"Other","Colombia",7.67,7.5,7.67,7.83,8.58
"224",84.17,NA,"Guatemala",7.67,7.75,7.67,7.75,7.75
"225",84.17,"SL28","Kenya",7.58,7.75,7.75,7.75,7.83
"226",84.17,"Mundo Novo","Brazil",7.58,7.83,7.75,7.67,8
"227",84.17,"Bourbon","Guatemala",7.92,7.75,7.67,7.83,7.92
"228",84.17,"Bourbon","El Salvador",8.42,8.08,7.5,7.58,8.17
"229",84.17,"Caturra","Colombia",7.75,7.75,7.75,7.83,7.75
"230",84.17,"Catuai","Guatemala",7.83,7.5,7.5,7.83,7.83
"231",84.17,"Other","Uganda",7.83,7.75,7.5,7.83,7.75
"232",84.13,"Mandheling","Indonesia",7.81,7.88,7.56,7.63,7.75
"233",84.08,"Caturra","Colombia",7.83,7.5,7.42,7.83,8.5
"234",84.08,"Typica","Taiwan",7.58,7.67,7.67,7.75,7.83
"235",84.08,"Bourbon","Guatemala",8,7.75,7.5,7.92,7.67
"236",84.08,"Caturra","Colombia",7.92,7.75,7.67,7.67,7.67
"237",84.08,"Bourbon","Guatemala",7.58,7.75,7.67,7.75,7.67
"238",84.08,"Hawaiian Kona","United States (Hawaii)",7.83,7.75,7.83,7.42,8.08
"239",84.08,"Typica","Mexico",7.67,7.75,7.67,7.67,7.75
"240",84.08,"Other","Ethiopia",7.92,7.92,7.83,7.92,7.92
"241",84,NA,"Costa Rica",7.58,7.75,7.67,7.83,7.75
"242",84,"Gesha","Ethiopia",7.83,7.75,7.67,7.33,7.75
"243",84,"Caturra","Honduras",7.42,7.83,7.75,7.75,7.58
"244",84,"Caturra","Guatemala",7.67,7.83,7.58,7.75,7.67
"245",84,"Other","Colombia",7.67,7.67,7.83,7.58,7.83
"246",84,"Bourbon","Guatemala",7.92,7.67,7.42,7.75,7.83
"247",84,"Bourbon","Guatemala",7.75,7.83,7.5,7.58,7.67
"248",84,NA,"Colombia",7.67,7.75,7.67,7.67,7.75
"249",84,"Caturra","Colombia",7.58,7.42,7.75,7.75,7.92
"250",84,"Caturra","Colombia",7.67,7.67,7.5,7.67,7.67
"251",84,"Other","Ethiopia",7.75,7.75,7.5,7.67,7.92
"252",84,"Yellow Bourbon","Brazil",7.58,7.83,7.67,8,7.75
"253",84,"Caturra","Colombia",7.67,7.83,7.67,7.67,7.75
"254",84,"SL34","Kenya",7.67,7.83,7.5,7.92,7.67
"255",84,"Other","Thailand",7.92,8.17,8.17,8.08,8.17
"256",84,"SL28","Kenya",7.67,7.75,7.67,7.83,7.67
"257",84,"Other","Uganda",7.92,7.75,7.58,7.67,7.83
"258",84,NA,"Thailand",7.58,7.75,7.58,7.58,7.75
"259",83.92,"Bourbon","Brazil",7.5,7.75,7.58,7.58,7.5
"260",83.92,"Mundo Novo","Mexico",7.83,7.83,7.58,7.42,7.5
"261",83.92,"Catimor","Thailand",7.67,7.75,7.5,7.67,7.83
"262",83.92,"Bourbon","Brazil",7.58,7.67,7.67,7.58,7.83
"263",83.92,"Typica","Taiwan",7.83,7.75,7.83,7.83,7.75
"264",83.92,NA,"Colombia",7.75,7.67,7.5,7.83,7.75
"265",83.92,NA,"Colombia",7.75,7.58,7.5,7.75,7.92
"266",83.92,NA,"Taiwan",7.75,7.75,7.58,7.75,7.67
"267",83.92,NA,"Colombia",7.92,7.67,7.5,7.58,7.67
"268",83.92,NA,"Colombia",7.83,7.75,7.58,7.75,7.75
"269",83.92,"Caturra","Colombia",7.75,7.58,7.67,7.83,7.67
"270",83.92,"Typica","Taiwan",8,7.92,7.92,7.67,7.33
"271",83.92,"Caturra","Colombia",7.67,7.83,7.67,7.67,7.83
"272",83.92,"Typica","Mexico",7.67,7.75,7.58,7.75,7.83
"273",83.92,"Typica","Mexico",7.5,7.67,7.58,7.75,7.75
"274",83.92,"Typica","Mexico",7.75,7.92,7.83,7.75,7.67
"275",83.83,"Caturra","Colombia",7.92,7.58,7.5,7.58,7.67
"276",83.83,"Caturra","Colombia",7.83,7.67,7.5,7.75,7.75
"277",83.83,"Caturra","Costa Rica",7.67,7.67,7.75,7.5,7.75
"278",83.83,"Bourbon","Guatemala",7.75,7.75,7.5,7.83,7.58
"279",83.83,NA,"Taiwan",7.75,7.67,7.5,7.75,7.67
"280",83.83,"Yellow Bourbon","Brazil",7.25,7.58,7.42,7.75,7.83
"281",83.83,"Typica","Taiwan",7.67,7.75,7.67,7.42,7.75
"282",83.83,NA,"Ethiopia",7.75,7.75,7.67,7.58,7.67
"283",83.83,"Bourbon","Brazil",7.67,7.67,7.58,7.83,8.17
"284",83.83,"Catuai","Costa Rica",7.83,7.42,7.5,7.75,7.83
"285",83.83,"Bourbon","Guatemala",7.58,7.83,7.33,7.58,7.75
"286",83.83,"Yellow Bourbon","Brazil",7.92,7.5,7.33,8.17,7.5
"287",83.83,NA,"Ecuador",7.5,7.67,7.58,7.83,7.83
"288",83.83,"Caturra","Colombia",7.67,7.58,7.58,7.58,7.67
"289",83.83,"Bourbon","Guatemala",7.5,7.83,7.5,7.83,7.67
"290",83.83,"Bourbon","Mexico",7.67,8,7.67,7.67,7.5
"291",83.83,"Pacas","Mexico",7.67,7.58,7.5,7.75,7.75
"292",83.83,"Yellow Bourbon","Brazil",7.83,7.83,7.58,7.5,7.58
"293",83.83,NA,"Thailand",7.75,7.75,7.58,7.67,7.58
"294",83.83,NA,"Thailand",7.5,7.83,7.58,7.75,7.83
"295",83.83,NA,"Ethiopia",7.58,7.83,7.58,7.83,7.5
"296",83.75,"SL28","Kenya",7.75,7.58,7.5,7.75,7.75
"297",83.75,"Bourbon","Brazil",7.67,7.67,7.58,7.67,7.67
"298",83.75,"Caturra","Colombia",7.83,7.83,7.58,7.58,7.58
"299",83.75,"Typica","Taiwan",7.67,7.67,7.58,7.67,7.83
"300",83.75,NA,"Colombia",7.92,7.75,7.5,7.75,7.5
"301",83.75,"Catimor","China",7.83,7.75,7.67,7.58,7.67
"302",83.75,"Caturra","Colombia",7.75,7.67,7.5,7.58,7.83
"303",83.75,"Bourbon","Uganda",8,7.92,7.58,7.33,7.5
"304",83.75,"Other","United States (Puerto Rico)",7.83,7.83,7.83,8,8.17
"305",83.75,"Caturra","Colombia",7.67,7.67,7.67,7.5,7.67
"306",83.75,"Other","Colombia",7.67,7.42,7.42,8,8.33
"307",83.75,"Caturra","Colombia",7.58,7.67,7.75,7.67,7.67
"308",83.75,"Caturra","Colombia",7.75,7.67,7.75,7.42,8
"309",83.75,"Hawaiian Kona","United States (Hawaii)",7.25,7.42,7.67,7.83,8.25
"310",83.75,"Caturra","Mexico",7.83,7.58,7.58,7.75,7.67
"311",83.75,"Caturra","Guatemala",7.67,7.58,7.58,7.75,7.75
"312",83.75,NA,"Colombia",7.83,7.83,7.58,7.42,7.67
"313",83.75,NA,"Colombia",7.75,7.67,7.25,7.58,8.5
"314",83.75,NA,"United States (Hawaii)",7.83,7.67,7.75,7.58,7.5
"315",83.67,"Bourbon","Brazil",7.67,7.83,7.5,7.67,7.5
"316",83.67,"SL28","Kenya",8.08,7.67,7.67,7.25,7.67
"317",83.67,"Caturra","Honduras",7.5,7.5,7.67,8,8
"318",83.67,"Caturra","Nicaragua",7.67,7.75,7.67,7.83,7.58
"319",83.67,"Bourbon","Brazil",7.58,7.75,7.58,7.58,7.58
"320",83.67,"Caturra","Taiwan",7.5,7.67,7.33,7.83,7.67
"321",83.67,NA,"Costa Rica",7.33,7.67,7.67,7.67,7.5
"322",83.67,NA,"Thailand",7.5,7.75,7.58,7.67,7.58
"323",83.67,"Caturra","Colombia",7.5,7.75,7.5,7.67,7.67
"324",83.67,"Bourbon","Guatemala",8,7.5,7.33,8,8
"325",83.67,"Caturra","Colombia",7.83,7.75,7.67,7.58,7.67
"326",83.67,"Caturra","Colombia",7.67,7.67,7.67,7.33,7.75
"327",83.67,"Bourbon","Guatemala",7.67,7.67,7.42,8,7.75
"328",83.67,"Bourbon","Guatemala",7.83,7.67,7.33,7.67,7.83
"329",83.67,"Caturra","Colombia",7.75,7.75,7.58,7.17,7.75
"330",83.67,"Caturra","Guatemala",8.17,8.17,7.83,8.08,7.75
"331",83.67,"Bourbon","Guatemala",7.67,8.17,7.5,7.58,7.83
"332",83.67,"Typica","Mexico",7.67,7.5,7.5,7.83,8.25
"333",83.67,"Typica","Indonesia",8.17,7.67,7.58,7.42,7.67
"334",83.67,"Caturra","Guatemala",7.67,7.5,7.33,7.67,7.67
"335",83.67,NA,"United States (Hawaii)",7.75,8,7.92,7.75,8
"336",83.58,"Bourbon","Brazil",7.58,7.67,7.58,7.67,7.58
"337",83.58,"Caturra","Guatemala",7.75,7.75,7.5,7.58,7.58
"338",83.58,"Caturra","Colombia",7.75,7.75,7.58,7.67,7.58
"339",83.58,"Catimor","China",7.67,7.58,7.58,7.67,7.75
"340",83.58,"Caturra","Colombia",7.67,7.75,7.58,7.75,7.58
"341",83.58,"Caturra","Mexico",7.75,7.75,7.58,7.5,7.67
"342",83.58,"Other","Ethiopia",7.75,7.67,7.58,7.5,7.67
"343",83.58,"SL14","Uganda",7.67,7.67,7.42,7.75,7.67
"344",83.58,"Caturra","Colombia",7.67,7.58,7.67,7.67,7.67
"345",83.58,"Caturra","Colombia",7.67,7.58,7.67,7.67,7.75
"346",83.58,"Caturra","Colombia",7.75,7.58,7.5,7.75,7.83
"347",83.58,"Typica","Taiwan",7.75,7.75,7.75,7.5,7.58
"348",83.58,"Caturra","Colombia",7.67,7.67,7.58,7.75,7.58
"349",83.58,"Typica","Mexico",7.83,7.67,7.58,7.67,7.58
"350",83.58,"Caturra","Colombia",7.67,7.58,7.58,7.67,7.75
"351",83.58,"Catuai","Brazil",7.83,7.75,7.5,7.5,7.58
"352",83.5,"Caturra","Colombia",7.75,7.58,7.58,7.75,7.5
"353",83.5,NA,"Taiwan",7.58,7.58,7.17,7,7
"354",83.5,"Caturra","Costa Rica",7.92,7.42,7.5,7.5,7.67
"355",83.5,"Caturra","Colombia",7.75,7.58,7.58,7.75,7.75
"356",83.5,"Bourbon","Guatemala",7.67,7.75,7.5,7.58,7.58
"357",83.5,"Caturra","Colombia",7.58,7.58,7.58,7.75,7.67
"358",83.5,"Ruiru 11","Tanzania, United Republic Of",7.75,7.67,7.58,7.67,7.58
"359",83.5,"Sumatra","Indonesia",7.25,7.67,7.58,7.83,7.58
"360",83.5,NA,"Ethiopia",7.67,7.75,7.5,7.75,7.67
"361",83.5,NA,"Colombia",7.67,7.42,7.67,7.58,7.67
"362",83.5,"Caturra","Colombia",8,7.58,7.25,7.92,7.58
"363",83.5,"Caturra","Guatemala",7.58,7.75,7.5,7.42,7.67
"364",83.5,"Caturra","Colombia",7.75,7.58,7.33,7.83,7.83
"365",83.5,"Caturra","Honduras",7.67,7.5,7.67,7.67,7.67
"366",83.5,"Caturra","Colombia",7.58,7.75,7.42,7.75,7.67
"367",83.5,"Caturra","Colombia",7.58,7.67,7.58,7.58,7.75
"368",83.5,"Bourbon","Mexico",7.83,7.58,7.25,7.5,7.42
"369",83.5,"Typica","Mexico",7.67,7.75,7.67,7.58,7.5
"370",83.5,"Pacamara","Mexico",7.75,7.67,7.67,7.33,7.5
"371",83.5,"Caturra","Guatemala",7.83,7.5,7.5,7.67,7.5
"372",83.5,"Caturra","Colombia",7.67,7.58,7.58,7.67,7.67
"373",83.5,"Bourbon","Guatemala",7.5,7.5,7.75,8,7.67
"374",83.5,NA,"United States (Hawaii)",7.5,7.67,7.58,7.58,7.67
"375",83.5,NA,"Indonesia",7.83,7.58,7.58,7.75,7.58
"376",83.42,"Caturra","Colombia",7.5,7.58,7.58,7.75,7.83
"377",83.42,"Bourbon","Guatemala",7.67,7.75,7.5,7.58,7.67
"378",83.42,"Caturra","Colombia",7.67,7.67,7.5,7.67,7.58
"379",83.42,"Caturra","Costa Rica",7.58,7.5,7.42,7.5,7.67
"380",83.42,NA,"Taiwan",7.67,7.67,7,7,7
"381",83.42,"SL14","Uganda",7.58,7.75,7.33,7.67,7.58
"382",83.42,"Catimor","Thailand",7.5,7.58,7.75,7.75,7.67
"383",83.42,"Bourbon","El Salvador",7.58,7.5,7.75,7.75,7.67
"384",83.42,"Caturra","Colombia",7.58,7.67,7.58,7.58,7.67
"385",83.42,"Yellow Bourbon","Brazil",7.33,7.83,7.75,7.42,7.83
"386",83.42,"Bourbon","Tanzania, United Republic Of",7.75,7.67,7.58,7.58,7.58
"387",83.42,"Caturra","Colombia",7.58,7.58,7.25,7.75,8.58
"388",83.42,"Bourbon","Guatemala",7.75,7.83,7.33,7.5,7.67
"389",83.42,"Caturra","Guatemala",7.67,7.75,7.5,7.58,7.5
"390",83.42,"Bourbon","Guatemala",7.67,7.5,7.75,7.75,7.75
"391",83.42,"Hawaiian Kona","United States (Hawaii)",7.42,7.75,7.67,7.67,7.67
"392",83.42,"Caturra","Colombia",7.5,7.75,7.58,7.67,7.75
"393",83.42,NA,"Colombia",7.58,7.58,7.58,7.75,7.67
"394",83.42,NA,"United States (Hawaii)",7.5,7.92,7.42,7.83,7.58
"395",83.42,"Peaberry","Thailand",7.58,7.25,7.5,7.92,7.42
"396",83.38,NA,"Mexico",7.25,7.88,7.38,7.5,8.75
"397",83.33,"Caturra","Colombia",7.75,7.5,7.75,7.58,7.58
"398",83.33,"Caturra","Colombia",7.67,7.58,7.58,7.67,7.75
"399",83.33,"Caturra","Colombia",7.83,7.58,7.58,7.5,7.58
"400",83.33,"Catuai","Brazil",7.5,7.83,7.33,7.58,7.92
"401",83.33,"Caturra","Mexico",7.75,7.75,7.5,7.5,7.58
"402",83.33,"Caturra","Colombia",7.67,7.75,7.42,7.83,7.42
"403",83.33,"Other","Tanzania, United Republic Of",7.75,7.58,7.67,7.58,7.58
"404",83.33,"Other","Mexico",7.67,7.67,7.58,7.5,7.58
"405",83.33,"Caturra","Costa Rica",7.67,7.67,7.42,7.67,7.67
"406",83.33,"Hawaiian Kona","United States (Hawaii)",7.83,7.58,7.83,7.92,8
"407",83.33,"Catuai","Costa Rica",7.5,7.67,7.67,7.83,7.17
"408",83.33,NA,"Peru",7.83,7.75,7.58,7.92,7.58
"409",83.33,"Typica","Haiti",7.58,7.5,7.67,7.83,7.42
"410",83.33,"Caturra","Colombia",7.67,7.67,7.5,7.92,7.42
"411",83.33,"Bourbon","Guatemala",7.83,7.67,7.17,7.67,7.67
"412",83.33,"Hawaiian Kona","United States (Hawaii)",7.92,7.5,7.58,7.67,7.67
"413",83.33,"Bourbon","Burundi",7.75,7.67,7.33,7.5,7.75
"414",83.33,"Caturra","Colombia",7.5,7.67,7.67,7.67,7.58
"415",83.33,NA,"United States (Hawaii)",8.08,7.83,7.83,7.67,7.58
"416",83.33,NA,"United States (Hawaii)",7.58,7.67,7.58,7.83,7.67
"417",83.25,"Typica","Mexico",7.67,7.83,7.42,7.33,7.5
"418",83.25,"Catuai","Costa Rica",7.5,7.5,7.83,7.67,7.67
"419",83.25,NA,"Costa Rica",7.83,7.5,7.42,7.5,7.67
"420",83.25,"Pacas","Guatemala",7.5,7.58,7.42,7.67,7.58
"421",83.25,"SL14","Uganda",7.5,7.67,7.67,7.67,7.67
"422",83.25,NA,"Brazil",7.58,7.67,7.42,7.67,7.42
"423",83.25,"Caturra","Colombia",7.58,7.67,7.67,7.75,7.83
"424",83.25,"Typica","Mexico",7.83,7.75,7.5,7.58,7.58
"425",83.25,"Bourbon","Taiwan",7.67,7.5,7.5,7.67,7.83
"426",83.25,"Typica","Taiwan",7.92,7.83,7.75,7.5,7.33
"427",83.25,"Caturra","Colombia",7.58,7.58,7.5,7.58,7.75
"428",83.25,"Caturra","Guatemala",7.5,7.67,7.58,7.67,7.5
"429",83.25,"Caturra","Colombia",7.83,7.5,7.67,7.67,7.67
"430",83.25,"Bourbon","Mexico",7.58,7.75,7.5,7.58,7.58
"431",83.25,"Hawaiian Kona","United States (Hawaii)",7.58,7.75,7.83,8.08,7.67
"432",83.25,"Mundo Novo","Mexico",7.75,7.58,7.58,7.5,7.58
"433",83.25,"Caturra","Mexico",7.75,7.75,7.42,7.33,7.5
"434",83.25,"Bourbon","Guatemala",7.83,7.58,7.08,7.42,8.08
"435",83.25,"Yellow Bourbon","Brazil",7.75,7.67,7.5,7.58,7.58
"436",83.25,"Caturra","Colombia",7.67,7.58,7.58,7.83,7.58
"437",83.25,"Caturra","Colombia",7.67,7.67,7.5,7.58,7.67
"438",83.25,NA,"Colombia",7.92,7.75,7.25,7.83,7.58
"439",83.25,NA,"Colombia",8,7.67,7.67,7.67,7.5
"440",83.25,NA,"Colombia",7.92,7.75,7.5,7.42,7.67
"441",83.17,"Bourbon","Brazil",7.67,7.42,7.5,7.67,7.58
"442",83.17,"Bourbon","Guatemala",7.58,7.58,7.33,7.75,7.58
"443",83.17,"Bourbon","Tanzania, United Republic Of",7.67,7.58,7.42,7.67,7.58
"444",83.17,NA,"Peru",7.92,7.5,7.5,7.67,7.5
"445",83.17,"Catimor","Vietnam",7.58,7.42,7.08,7.58,8.58
"446",83.17,"Caturra","Guatemala",7.67,7.75,7.42,7.58,7.5
"447",83.17,"Catuai","Honduras",7.67,7.67,7.5,7.5,7.67
"448",83.17,"Catimor","China",7.5,7.67,7.33,7.67,7.67
"449",83.17,"Catimor","China",7.67,7.67,7.5,7.42,7.58
"450",83.17,"Bourbon","El Salvador",7.5,7.5,7.33,8,7.67
"451",83.17,"Bourbon","Guatemala",7.5,7.75,7.5,7.58,7.5
"452",83.17,"Bourbon","Guatemala",7.92,7.67,7.42,7.5,7.5
"453",83.17,"SL28","Kenya",7.83,7.75,7.67,7.83,8.5
"454",83.17,NA,"Thailand",7.67,7.58,7.58,7.42,7.67
"455",83.17,"Other","Tanzania, United Republic Of",7.58,7.67,7.67,7.42,7.58
"456",83.17,"Caturra","Colombia",7.58,7.5,7.5,7.5,7.67
"457",83.17,"SL14","Uganda",8,7.67,7.5,7.33,7.58
"458",83.17,NA,"Colombia",7.58,7.75,7.5,7.58,7.58
"459",83.17,"Catuai","Honduras",7.5,7.5,7.5,7.67,7.67
"460",83.17,"Caturra","Honduras",7.67,7.67,7.5,7.5,7.67
"461",83.17,"Catuai","Guatemala",7.33,7.83,7.17,7.33,7.67
"462",83.17,"Hawaiian Kona","United States (Hawaii)",7.5,7.5,7.58,7.92,7.67
"463",83.17,"Bourbon","Tanzania, United Republic Of",7.58,7.5,7.58,7.58,7.58
"464",83.17,"Bourbon","Guatemala",7.67,7.83,7.33,7.5,7.67
"465",83.17,"Typica","Mexico",7.75,7.58,7.58,7.5,7.42
"466",83.17,"Typica","Mexico",7.75,7.67,7.58,7.42,7.58
"467",83.17,"Pacamara","Mexico",7.58,7.75,7.42,7.5,7.58
"468",83.17,"Caturra","Colombia",7.67,7.5,7.5,7.58,8.17
"469",83.17,"Typica","Mexico",7.75,7.5,7.42,7.58,7.58
"470",83.17,"Caturra","Colombia",7.58,7.67,7.5,7.67,7.67
"471",83.17,"Typica","Mexico",7.5,7.75,7.58,7.67,7.5
"472",83.17,"Mundo Novo","Brazil",7.75,7.67,7.58,7.58,7.58
"473",83.17,"Mundo Novo","Brazil",7.92,7.58,7.5,7.42,7.5
"474",83.17,"Bourbon","Guatemala",7.75,7.5,7.67,7.92,8
"475",83.17,"Mundo Novo","Brazil",7.75,7.5,7.58,7.75,7.5
"476",83.17,NA,"Brazil",7.58,7.75,7.67,7.67,7.58
"477",83.17,NA,"El Salvador",7.42,7.83,8.17,7.17,7.58
"478",83.17,NA,"Ethiopia",7.75,8,7.67,7.83,7.92
"479",83.08,"Caturra","Colombia",7.58,7.67,7.33,7.75,7.58
"480",83.08,"Caturra","Colombia",7.75,7.5,7.5,8,7.75
"481",83.08,"Yellow Bourbon","Brazil",7.58,7.58,7.58,7.67,7.58
"482",83.08,"Yellow Bourbon","Brazil",7.33,7.67,7.67,7.75,7.42
"483",83.08,"Typica","Taiwan",7.83,7.92,7.5,7.67,7.25
"484",83.08,"Mundo Novo","Brazil",7.42,7.67,7.58,7.75,7.67
"485",83.08,"Bourbon","Brazil",7.58,7.83,7.67,7.42,7.5
"486",83.08,"Catuai","Costa Rica",7.83,7.33,7.5,7.58,7.67
"487",83.08,"Hawaiian Kona","United States (Hawaii)",7.33,7.75,7.58,7.83,7.67
"488",83.08,"Typica","Taiwan",7.75,7.75,7.5,7.5,7.5
"489",83.08,"Hawaiian Kona","United States (Hawaii)",7.83,7.83,7.33,7.75,7.67
"490",83.08,"Other","Mexico",7.75,7.67,7.42,7.5,7.5
"491",83.08,"Hawaiian Kona","United States (Hawaii)",7.67,7.58,7.5,7.92,8
"492",83.08,"Hawaiian Kona","United States (Hawaii)",7.33,7.58,7.58,7.67,7.58
"493",83.08,"Caturra","Colombia",7.33,7.33,7.33,7.25,8.08
"494",83.08,NA,"Colombia",7.83,7.75,7.33,7.42,7.92
"495",83.08,NA,"Indonesia",7.67,7.58,7.5,7.67,7.58
"496",83.08,NA,"Guatemala",7.92,7.67,7.67,7.83,7.67
"497",83,"Bourbon","Brazil",7.58,7.5,7.5,7.67,7.5
"498",83,"Bourbon","Brazil",7.5,7.58,7.58,7.58,7.5
"499",83,"Bourbon","Brazil",7.5,7.67,7.58,7.58,7.42
"500",83,"Bourbon","Uganda",7.67,7.58,7.42,7.83,7.5
"501",83,"Bourbon","Uganda",7.67,7.67,7.5,7.42,7.5
"502",83,NA,"Colombia",7.67,7.67,7.33,7.5,7.58
"503",83,"Caturra","Vietnam",7.75,7.67,7.58,7.42,7.67
"504",83,"Catuai","Guatemala",7.67,7.75,7.33,7.42,7.5
"505",83,"Catuai","Guatemala",7.75,7.67,7.33,7.5,7.42
"506",83,"Bourbon","Guatemala",7.83,7.67,7.25,7.75,7.5
"507",83,"Catuai","Brazil",7.67,7.67,7.67,7.42,7.5
"508",83,"Typica","Taiwan",7.92,7.92,7.83,7.33,7.25
"509",83,"SL14","Uganda",7.83,7.58,7.5,7.58,7.5
"510",83,"Other","United States (Puerto Rico)",7.67,7.5,7.67,7.75,7.83
"511",83,"Bourbon","Guatemala",7.67,7.67,7.42,7.5,7.5
"512",83,"Catuai","Costa Rica",7.67,7.58,7.5,7.5,7.5
"513",83,"Yellow Bourbon","Brazil",7.75,7.58,7.42,7.42,7.67
"514",83,"Caturra","Colombia",7.75,7.42,7.33,7.58,7.17
"515",83,"Caturra","Colombia",7.83,7.5,7.58,7.5,7.67
"516",83,"Caturra","Colombia",7.33,7.67,7.75,7.75,7.58
"517",83,"Caturra","Colombia",7.58,7.75,7.42,7.58,7.42
"518",83,"Caturra","Colombia",7.5,7.5,7.42,7.75,7.58
"519",83,"Typica","Mexico",7.67,7.58,7.42,7.67,7.58
"520",83,"Typica","Mexico",7.67,7.83,7.5,7.58,7.67
"521",83,"Bourbon","Mexico",7.5,7.67,7.5,7.58,7.58
"522",83,"Arusha","Colombia",7.67,7.58,7.5,7.75,7.5
"523",83,"Caturra","Colombia",7.75,7.58,7.5,7.83,7.75
"524",83,"Caturra","Colombia",7.67,7.58,7.58,7.67,7.42
"525",83,"Bourbon","Guatemala",7.5,7.67,7.5,7.5,7.83
"526",83,"Caturra","Colombia",7.67,7.67,7.58,7.67,7.42
"527",83,NA,"Thailand",7.33,7.67,7.58,7.75,7.67
"528",83,NA,"Colombia",7.33,7.67,7.58,7.58,7.92
"529",83,NA,"United States (Hawaii)",7.83,7.83,7.67,7.92,7.83
"530",83,NA,"United States (Hawaii)",7.5,7.58,7.42,7.58,7.67
"531",83,NA,"Colombia",7.5,7.58,7.67,7.58,7.58
"532",83,"Caturra","Nicaragua",7.58,7.83,7.75,7.92,8.08
"533",83,NA,"Thailand",7.5,7.25,7.42,8.17,7.5
"534",82.92,"Bourbon","Brazil",7.67,7.58,7.5,7.58,7.5
"535",82.92,"Bourbon","El Salvador",7.5,7.5,7.75,7.92,7.83
"536",82.92,"Caturra","Colombia",7.58,7.67,7.5,7.67,7.58
"537",82.92,"Caturra","Taiwan",7.17,7.83,7.25,7.67,7.58
"538",82.92,"Ethiopian Heirlooms","Ethiopia",7.58,7.58,7.5,7.58,7.58
"539",82.92,"Typica","Taiwan",7.5,7.58,7.67,7.5,7.75
"540",82.92,"Other","Philippines",7.58,7.58,7.67,7.5,7.5
"541",82.92,"Other","Philippines",8.08,7.5,7.67,7.33,7.5
"542",82.92,"Typica","Mexico",7.83,7.67,7.25,7.5,7.5
"543",82.92,"Bourbon","Mexico",7.75,7.67,7.42,7.75,7.5
"544",82.92,"Moka Peaberry","Brazil",7.08,7.5,7.5,7.75,7.67
"545",82.92,"SL14","Uganda",8,7.5,7.5,7.33,7.42
"546",82.92,"SL14","Uganda",7.75,7.58,7.58,7.5,7.5
"547",82.92,"Bourbon","Guatemala",7.75,7.5,7.42,7.67,7.5
"548",82.92,"Caturra","Guatemala",7.67,7.83,7.42,7.33,7.5
"549",82.92,NA,"Guatemala",7.58,7.58,7.25,7.58,7.58
"550",82.92,"Caturra","Colombia",7.58,7.5,7.75,7.58,7.58
"551",82.92,"Caturra","Colombia",7.75,7.5,7.25,7.75,7.5
"552",82.92,"Bourbon","Guatemala",7.83,7.75,7.25,7.5,7.17
"553",82.92,"Other","Colombia",7.83,7.67,7.42,7.5,7.58
"554",82.92,"Typica","Mexico",7.58,7.58,7.33,7.58,7.75
"555",82.92,"Other","Vietnam",7.67,7.33,7.17,8.08,7.42
"556",82.92,"Typica","Mexico",8,7.92,7.67,7.67,7.42
"557",82.92,"Hawaiian Kona","United States (Hawaii)",7.5,7.5,7.5,7.67,7.83
"558",82.92,NA,"Colombia",7.5,7.75,7.33,7.08,7.83
"559",82.92,NA,"Thailand",7.42,7.58,7.5,7.5,8
"560",82.83,"SL28","Kenya",7.75,7.58,7.42,7.5,7.5
"561",82.83,"Bourbon","Guatemala",7.5,7.58,7.33,7.58,7.58
"562",82.83,"Yellow Bourbon","Brazil",7.67,7.58,7.58,7.5,7.42
"563",82.83,"Pacas","El Salvador",7.33,7.67,7.67,7.33,7.67
"564",82.83,"Bourbon","Rwanda",7.83,7.92,7.75,7.75,7.75
"565",82.83,"Other","Vietnam",7.25,7.58,7.5,7.75,7.42
"566",82.83,"Bourbon","Guatemala",7.58,7.58,7.33,7.67,7.5
"567",82.83,"Catuai","Brazil",7.58,7.83,7.33,7.42,7.33
"568",82.83,"Other","Colombia",7.83,7.67,7.5,7.5,7.67
"569",82.83,"Other","United States",7.42,7.58,7.25,7.75,7.75
"570",82.83,"Bourbon","Guatemala",7.67,7.67,7.75,7.42,7.17
"571",82.83,"Typica","Colombia",7.5,7.42,7.58,7.58,7.58
"572",82.83,"Caturra","Colombia",7.83,7.5,7.5,7.5,7.5
"573",82.83,"Arusha","Tanzania, United Republic Of",7.67,7.5,7.33,7.58,7.75
"574",82.83,"Caturra","Mexico",7.58,7.67,7.5,7.5,7.5
"575",82.83,"Bourbon","Mexico",7.67,7.58,7.42,7.42,7.42
"576",82.83,"Bourbon","Guatemala",7.67,7.67,7.33,7.33,7.92
"577",82.83,"Typica","Mexico",7.58,7.58,7.5,7.67,7.58
"578",82.83,NA,"El Salvador",7.75,7.58,7.75,7.25,7.5
"579",82.75,"Caturra","Guatemala",7.5,7.58,7.42,7.58,7.5
"580",82.75,"Caturra","Guatemala",7.58,7.67,7.5,7.5,7.42
"581",82.75,"Bourbon","Guatemala",7.5,7.67,7.17,7.67,7.58
"582",82.75,"Bourbon","Guatemala",7.5,7.5,7.42,7.67,7.5
"583",82.75,"Bourbon","Guatemala",7.42,7.58,7.42,7.5,7.5
"584",82.75,"Sulawesi","Indonesia",7.5,7.58,7.42,7.58,7.5
"585",82.75,"Bourbon","Guatemala",7.58,7.58,7.33,7.33,7.67
"586",82.75,"Yellow Bourbon","Taiwan",7.83,7.67,7.33,7.58,7.67
"587",82.75,"Bourbon","El Salvador",7.67,7.67,7.17,7.58,7.67
"588",82.75,"Caturra","Costa Rica",7.58,7.5,7.42,7.42,7.5
"589",82.75,"Caturra","Honduras",7.58,7.5,7.42,7.5,7.5
"590",82.75,"Yellow Bourbon","Brazil",7.5,7.5,7.58,7.58,7.58
"591",82.75,"Catimor","China",7.67,7.5,7.33,7.67,7.67
"592",82.75,"Catimor","China",7.5,7.67,7.42,7.5,7.5
"593",82.75,"Caturra","Colombia",7.5,7.58,7.58,7.33,7.5
"594",82.75,"Gesha","Malawi",7.75,7.58,7.42,7.33,7.5
"595",82.75,"Pacas","Guatemala",7.75,7.42,7.25,7.5,7.67
"596",82.75,"Typica","Colombia",7.67,7.42,7.42,7.33,7.67
"597",82.75,"Hawaiian Kona","United States (Hawaii)",7.67,7.58,7.42,7.33,7.5
"598",82.75,"Hawaiian Kona","United States (Hawaii)",7.58,7.83,7.75,7.42,8
"599",82.75,"Caturra","Colombia",7.58,7.33,7.17,7.25,8.58
"600",82.75,"Typica","Mexico",7.58,7.58,7.5,7.5,7.5
"601",82.75,"Typica","Mexico",7.58,7.58,7.33,7.25,7.58
"602",82.75,"Typica","Mexico",8.08,8.17,8,7.83,7.92
"603",82.75,"Caturra","Colombia",7.5,7.58,7.42,7.5,7.58
"604",82.75,"Caturra","Colombia",7.67,7.58,7.58,7.5,7.42
"605",82.75,"Hawaiian Kona","United States (Hawaii)",7.25,7.75,7.5,7.67,7.67
"606",82.75,"Catuai","Panama",7.42,7.42,7.5,7.5,7.75
"607",82.75,NA,"United States (Hawaii)",7.75,7.67,7.5,7.17,7.42
"608",82.67,"Bourbon","Brazil",7.5,7.58,7.25,7.58,7.5
"609",82.67,"Bourbon","Brazil",7.5,7.58,7.5,7.5,7.42
"610",82.67,"Catimor","Laos",7.67,7.67,7.42,7.42,7.5
"611",82.67,"Pacas","El Salvador",7.67,7.67,7.67,7.5,7.67
"612",82.67,NA,"Mexico",7.5,7.67,7.42,7.42,7.17
"613",82.67,NA,"Colombia",7.75,7.5,7.33,7.33,7.75
"614",82.67,"Yellow Bourbon","Brazil",7.58,7.5,7.42,7.5,7.5
"615",82.67,"Catuai","Brazil",7.33,7.5,7.58,7.67,7.5
"616",82.67,"Other","Tanzania, United Republic Of",7.5,7.5,7.5,7.5,7.58
"617",82.67,"Bourbon","Tanzania, United Republic Of",7.58,7.5,7.5,7.33,7.58
"618",82.67,"Typica","Taiwan",8,7.83,7.83,7.25,7.25
"619",82.67,"Typica","Mexico",7.67,7.58,7.42,7.42,7.5
"620",82.67,"SL14","Uganda",7.67,7.5,7.33,7.5,7.5
"621",82.67,"Typica","Taiwan",7.67,7.5,7.5,7.5,7.5
"622",82.67,"Caturra","Thailand",7.42,7.5,7.5,7.58,7.5
"623",82.67,"Caturra","Colombia",7.75,7.58,7.67,7.58,7.42
"624",82.67,"Other","El Salvador",7.92,8,7.5,7.92,7.58
"625",82.67,"Caturra","Guatemala",7.67,7.67,7.17,7.5,7.5
"626",82.67,"Other","Thailand",7.83,7.33,7.83,7.58,7.83
"627",82.67,"Other","Mexico",7.58,7.58,7.42,7.42,7.5
"628",82.67,"Typica","Mexico",7.5,7.58,7.58,7.42,7.42
"629",82.67,NA,"Colombia",7.33,7.58,7.42,7.67,7.67
"630",82.67,NA,"United States (Hawaii)",7.83,7.67,7.5,7.5,7.58
"631",82.67,"Blue Mountain","Mexico",7.75,7.58,7.25,7.67,7.58
"632",82.67,NA,"Colombia",8.08,7.67,7.67,7.33,7.17
"633",82.67,NA,"Colombia",7.5,7.42,7.33,7.67,7.83
"634",82.58,"Bourbon","Guatemala",7.5,7.42,7.42,7.5,7.5
"635",82.58,"Typica","Taiwan",7.67,7.42,7.5,7.58,7.5
"636",82.58,NA,"Brazil",7.5,7.58,7.42,7.75,7.33
"637",82.58,NA,"Taiwan",7.25,7.25,7,7,7
"638",82.58,NA,"Brazil",7.42,7.42,7.5,7.25,7.67
"639",82.58,"Typica","Indonesia",7.83,7.58,7.42,7.42,7.5
"640",82.58,NA,"Thailand",7.75,7.33,7.42,7.42,7.5
"641",82.58,"Caturra","Thailand",7.42,7.58,7.58,7.58,7.5
"642",82.58,"Other","Tanzania, United Republic Of",7.75,7.42,7.33,7.58,7.5
"643",82.58,"SL14","Uganda",7.83,7.5,7.42,7.42,7.42
"644",82.58,"Catuai","Costa Rica",7.67,7.42,7.5,7,7.75
"645",82.58,NA,"Mexico",7.58,7.58,7.42,7.67,7.67
"646",82.58,NA,"Guatemala",7.5,7.58,7.42,7.42,7.58
"647",82.58,"Caturra","Colombia",7.75,7.25,7.33,7.5,7.83
"648",82.58,"Caturra","Colombia",7.75,7.5,7.75,7.33,7.58
"649",82.58,"Caturra","Colombia",7.58,7.5,7.42,7.67,7.42
"650",82.58,"Typica","Mexico",7.5,7.58,7.5,7.42,7.5
"651",82.58,"Typica","Mexico",7.67,7.58,7.58,7.67,6.83
"652",82.58,"Caturra","Colombia",7.33,7.42,7.58,7.67,7.5
"653",82.58,"Mundo Novo","Brazil",7.58,7.5,7.33,7.5,7.5
"654",82.5,"Bourbon","Brazil",7.5,7.5,7.5,7.58,7.5
"655",82.5,"Other","Indonesia",7.83,7.75,7.25,7.42,7.33
"656",82.5,"Caturra","Honduras",7.58,7.58,7.33,7.5,7.5
"657",82.5,"Bourbon","Guatemala",7.5,7.5,7.33,7.67,7.5
"658",82.5,NA,"Thailand",7.5,7.83,7.5,7.33,7.42
"659",82.5,"Caturra","Thailand",7.33,7.5,7.5,7.67,7.5
"660",82.5,"Other","Tanzania, United Republic Of",7.67,7.42,7.33,7.5,7.5
"661",82.5,"Other","Tanzania, United Republic Of",7.75,7,7.42,7.58,7.58
"662",82.5,"Other","Mexico",7.42,7.58,7.5,7.25,7.5
"663",82.5,"Yellow Bourbon","Brazil",7.42,7.5,7.67,7.42,7.67
"664",82.5,"Bourbon","Guatemala",7.83,7.42,7.33,7.42,7.5
"665",82.5,"Caturra","Colombia",7.5,7.5,7.42,7.58,7.58
"666",82.5,"Bourbon","Guatemala",7.83,7.67,7.17,7.5,7.67
"667",82.5,"Typica","Mexico",7.5,7.58,7.5,7.42,7.42
"668",82.5,"Typica","Mexico",7.67,7.5,7.33,7.5,7.33
"669",82.5,"Typica","Mexico",7.92,7.5,7.33,7.25,7.42
"670",82.5,"Caturra","Guatemala",7.67,7.33,7.33,7.5,7.83
"671",82.5,"Bourbon","Brazil",7.67,7.42,7.33,7.5,7.5
"672",82.5,"Caturra","Colombia",7.67,7.5,7.33,7.25,7.67
"673",82.5,"Hawaiian Kona","United States (Hawaii)",7.33,7.42,7.33,7.42,7.67
"674",82.5,NA,"Guatemala",7.75,7.58,7.67,7.58,7.58
"675",82.42,"Other","Honduras",7.42,7.67,7.17,7.58,7.5
"676",82.42,"Bourbon","Guatemala",7.58,7.5,7.33,7.33,7.5
"677",82.42,"Bourbon","Guatemala",7.67,7.58,7.25,7.42,7.33
"678",82.42,"Bourbon","Guatemala",7.58,7.5,7.25,7.5,7.5
"679",82.42,"Caturra","Guatemala",7.5,7.42,7.08,7.67,7.5
"680",82.42,"Caturra","Colombia",5.08,7.75,7.83,7.83,8.08
"681",82.42,"Catimor","China",7.67,7.42,7.42,7.42,7.42
"682",82.42,NA,"Brazil",7.42,7.5,7.33,7.25,7.42
"683",82.42,"Ruiru 11","Tanzania, United Republic Of",7.67,7.25,7.42,7.67,7.42
"684",82.42,"Yellow Bourbon","Brazil",7.17,7.83,7.33,7.75,7.42
"685",82.42,"Caturra","Guatemala",7.5,7.5,7.5,7.42,7.5
"686",82.42,"Typica","Mexico",7.42,7.5,7.42,7.42,7.5
"687",82.42,"Catuai","Brazil",7.58,7.67,7.33,7.5,7.42
"688",82.42,NA,"Peru",7.58,7.58,7.58,7.5,7.58
"689",82.42,"Yellow Bourbon","Brazil",7.25,7.33,7.25,7.42,7.5
"690",82.42,"Bourbon","Mexico",7.5,7.58,7.5,7.42,7.67
"691",82.42,NA,"Honduras",7.25,7.67,7.42,7.75,7.5
"692",82.42,"Caturra","Colombia",7.67,7.42,7.33,7.58,7.5
"693",82.42,"Typica","Mexico",7.5,7.42,7.42,7.42,7.58
"694",82.42,"Typica","Mexico",7.42,7.58,7.5,7.58,7.5
"695",82.42,"Typica","Mexico",7.42,7.58,7.33,7.5,7.5
"696",82.42,"Caturra","Mexico",7.75,7.33,7.25,7.58,7.33
"697",82.42,"Typica","Mexico",7.5,7.58,7.33,7.5,7.5
"698",82.42,"Pacamara","Mexico",7.58,7.58,7.17,7.5,7.5
"699",82.42,"Caturra","Mexico",7.58,7.33,7.33,7.5,7.5
"700",82.42,"Bourbon","Mexico",7.67,7.58,7.33,7.58,7.33
"701",82.42,"Typica","Mexico",7.83,7.5,7.42,7.17,7.33
"702",82.42,"Caturra","Colombia",7.67,7.33,7.25,7.5,7.67
"703",82.42,"Arusha","Brazil",7.75,7.5,7.42,7.5,7.42
"704",82.42,"Caturra","Colombia",7.33,7.58,7.17,7.42,7.58
"705",82.42,NA,"Colombia",7.58,7.25,7.42,7.58,7.83
"706",82.33,"Caturra","Honduras",7.5,7.58,7.33,7.42,7.42
"707",82.33,"Catuai","Brazil",7.33,7.5,7.5,7.5,7.5
"708",82.33,NA,"Brazil",7.42,7.42,7.42,7.5,7.58
"709",82.33,"Bourbon","Brazil",7.5,7.5,7.42,7.42,7.5
"710",82.33,"Caturra","Costa Rica",7.75,7.5,7.25,7.42,7.67
"711",82.33,"Catuai","Costa Rica",7.75,7.33,7.5,7.33,7.58
"712",82.33,"Catimor","China",7.5,7.58,7.42,7.42,7.42
"713",82.33,"Bourbon","Brazil",8.25,7.83,7.25,8.17,8.08
"714",82.33,"Mundo Novo","Brazil",7.42,7.5,7.5,7.5,7.58
"715",82.33,"Bourbon","Guatemala",7.5,7.42,7.17,7.5,7.5
"716",82.33,"Gesha","Malawi",7.33,7.58,7.42,7.33,7.5
"717",82.33,"Bourbon","Brazil",7.75,8.08,7.67,8.08,8
"718",82.33,"Pacas","Guatemala",7.58,7.67,7.5,7.75,7.5
"719",82.33,NA,"Mexico",7.33,7.58,7.42,7.5,7.5
"720",82.33,"Caturra","Colombia",7.42,7.33,7.5,7.08,8.33
"721",82.33,"Typica","Taiwan",7.5,7.5,7.5,7.5,7.5
"722",82.33,"Typica","Taiwan",7.5,7.5,7.5,7.5,7.5
"723",82.33,"Bourbon","Guatemala",7.5,7.42,7.58,7.5,7.58
"724",82.33,"Caturra","Colombia",7.5,7.42,7.5,7.5,7.58
"725",82.33,"Typica","Mexico",7.67,7.5,7.42,7.42,7.42
"726",82.33,NA,"Costa Rica",7.92,7.58,7.25,7.92,7.58
"727",82.33,"Bourbon","Guatemala",7.67,7.5,7.33,7.5,7.33
"728",82.33,"Typica","Mexico",7.58,7.67,7.58,7,7.58
"729",82.33,"Bourbon","Mexico",7.67,7.58,7.5,7.5,7.5
"730",82.33,"Bourbon","Guatemala",7.5,7.67,7.33,7.33,7.5
"731",82.33,"Mundo Novo","Brazil",7.58,7.5,7.42,7.5,7.42
"732",82.33,"Typica","Mexico",8,7.75,7.33,7.08,7.67
"733",82.33,"Mundo Novo","Brazil",7.58,7.58,7.25,7.42,7.5
"734",82.33,"Caturra","Colombia",7.83,7.58,7.33,7.58,7.42
"735",82.25,"Catuai","Brazil",7.58,7.5,7.25,7.67,7.33
"736",82.25,NA,"Taiwan",7,7.08,7,7,7
"737",82.25,"Pacas","Guatemala",7.67,7.5,7.25,7.42,7.42
"738",82.25,"Yellow Bourbon","Brazil",7.42,7.67,7.5,7.5,7.42
"739",82.25,"Bourbon","El Salvador",7.58,7.67,7.5,7.83,8.42
"740",82.25,"Catuai","Honduras",7.58,7.5,7.42,7.42,7.42
"741",82.25,"Gesha","Malawi",7.58,7.42,7.33,7.58,7.5
"742",82.25,"Bourbon","Brazil",7.75,7.58,7.42,7.33,7.33
"743",82.25,"Typica","Taiwan",7.5,7.5,7.5,7.5,7.5
"744",82.25,"Mundo Novo","Mexico",7.58,7.58,7.42,7.42,7.42
"745",82.25,"Hawaiian Kona","United States (Hawaii)",7.33,7.42,7.5,7.5,7.42
"746",82.25,"Bourbon","Mexico",7.58,7.58,7.5,7.42,7.42
"747",82.25,"Bourbon","Guatemala",7.5,7.5,7.33,7.67,7.33
"748",82.25,"Bourbon","Mexico",7.5,7.58,7.42,7.33,7.42
"749",82.25,"Typica","Mexico",7.67,7.58,7.33,7.42,7.42
"750",82.25,"Other","El Salvador",7.75,7.33,7.33,7.5,7.5
"751",82.25,"Typica","Mexico",7.33,7.58,7.42,7.33,7.5
"752",82.25,"Typica","Mexico",7.42,7.5,7.42,7.42,7.5
"753",82.25,"Caturra","Colombia",7.5,7.42,7.67,7.58,7.33
"754",82.25,"Caturra","Colombia",7.67,7.33,7.33,7.5,7.5
"755",82.25,"Arusha","Brazil",7.67,7.58,7.42,7.5,7.58
"756",82.25,NA,"Colombia",7.17,7.25,7.58,7.58,7.67
"757",82.17,"Bourbon","Brazil",7.42,7.42,7.5,7.42,7.5
"758",82.17,"Caturra","Honduras",7.5,7.5,7.17,7.5,7.5
"759",82.17,NA,"Nicaragua",7.5,7.5,7.33,7.5,7.42
"760",82.17,"Bourbon","Tanzania, United Republic Of",7.58,7.42,7.42,7.5,7.42
"761",82.17,"Other","Tanzania, United Republic Of",7.42,7.42,7.42,7.5,7.33
"762",82.17,"Yellow Bourbon","Brazil",6.92,7.58,7.42,7.83,7.5
"763",82.17,NA,"Thailand",7.42,7.42,7.17,7.25,7.67
"764",82.17,"Catuai","Honduras",7.67,7.5,7.25,7.58,7.42
"765",82.17,"Bourbon","Guatemala",7.42,7.42,7.5,7.42,7.5
"766",82.17,"Mundo Novo","Brazil",7.58,7.5,7.42,7.5,7.42
"767",82.17,"Other","Tanzania, United Republic Of",7.75,7.42,7.42,7.33,7.42
"768",82.17,"Other","Mexico",7.42,7.33,7.17,7.33,8.17
"769",82.17,"Other","Mexico",7.5,7.5,7.33,7.5,7.42
"770",82.17,"Typica","Taiwan",7.5,7.5,7.5,7.5,7.5
"771",82.17,"Typica","Taiwan",7.67,7.5,7.5,7.17,7.58
"772",82.17,"Caturra","Colombia",7.33,7.25,7.25,7.75,7.5
"773",82.17,"Typica","Mexico",7.5,7.67,7,7.33,7.5
"774",82.17,"Caturra","Guatemala",7.25,7.75,7,8.17,7.75
"775",82.17,"Typica","Mexico",7.5,7.58,7.25,7.5,7.33
"776",82.17,"Typica","Mexico",7,7.67,7.5,7.42,7.5
"777",82.17,NA,"Colombia",7.58,7.67,7.42,7.17,7.75
"778",82.08,"Bourbon","Indonesia",7.5,7.5,7.42,7.5,7.42
"779",82.08,"Caturra","Colombia",7.75,7.58,7.42,7.83,7.58
"780",82.08,"Bourbon","Brazil",7.42,7.58,7.42,7.42,7.25
"781",82.08,"Yellow Bourbon","Brazil",7.25,7.25,7.58,7.25,7.92
"782",82.08,"Caturra","Costa Rica",7.75,7.42,7.42,7.17,7.42
"783",82.08,"Bourbon","Tanzania, United Republic Of",7.42,7.33,7.42,7.5,7.58
"784",82.08,"Other","Tanzania, United Republic Of",7.42,7.5,7.5,7.33,7.5
"785",82.08,NA,"Colombia",7.5,7.42,7.42,7.67,7.42
"786",82.08,"Caturra","Costa Rica",7.58,7.33,7.33,7.5,7.67
"787",82.08,"Hawaiian Kona","United States (Hawaii)",7.25,7.58,7.58,7.5,7.42
"788",82.08,"Typica","Mexico",7.42,7.58,7.5,7.42,7.42
"789",82.08,"Typica","Mexico",7.5,7.42,7.42,7.25,7.5
"790",82.08,"Typica","Mexico",7.67,7.5,7.25,7.42,7.33
"791",82.08,"Other","Vietnam",7.67,8,7.17,7.67,7.08
"792",82.08,"Typica","Mexico",7.58,7.42,7.25,7.33,7.42
"793",82.08,"Hawaiian Kona","United States (Hawaii)",7.33,7.5,7.33,7.08,7.83
"794",82.08,NA,"Colombia",7.67,7.42,7.67,7.25,7.58
"795",82,"Caturra","Honduras",7.5,7.5,7.17,7.5,7.42
"796",82,"Caturra","Honduras",7.5,7.5,7.25,7.42,7.5
"797",82,"Bourbon","Brazil",7.5,7.33,7.42,7.33,7.42
"798",82,"Other","Tanzania, United Republic Of",7.67,7.33,7.33,7.42,7.42
"799",82,"Other","Laos",7.42,7.5,7.25,7.5,7.5
"800",82,"Other","Tanzania, United Republic Of",7.42,7.42,7.33,7.33,7.42
"801",82,"Gesha","Malawi",7.5,7.42,7.33,7.33,7.5
"802",82,"Typica","Taiwan",7.33,7.5,7.17,7.5,7.33
"803",82,NA,"Thailand",7.58,7.5,7.42,7.33,7.42
"804",82,"Catuai","Costa Rica",7.5,7.25,7.33,7.75,7.5
"805",82,"Caturra","Honduras",7.33,7.33,7.33,7.5,7.83
"806",82,"Caturra","Colombia",7.33,7.33,7.58,7.5,7.58
"807",82,"Typica","Taiwan",7.42,7.58,7.33,8,7.5
"808",82,"Mundo Novo","Brazil",7.33,7.67,7.42,7.33,7.42
"809",82,"Typica","Mexico",7.67,7.33,7.25,7.42,7.42
"810",82,"Mundo Novo","Brazil",7.42,7.5,7.33,7.33,7.5
"811",82,"Catuai","Brazil",7.42,7.5,7.25,7.5,7.42
"812",82,"Bourbon","Guatemala",7.33,7.33,7.33,7.67,7.67
"813",82,"Mundo Novo","Brazil",7.58,7.5,7.17,7.5,7.42
"814",82,"Bourbon","Guatemala",7.75,7.33,7.33,7.75,7.67
"815",82,"Caturra","Colombia",7.33,7,7.08,7.5,7.67
"816",81.92,"Bourbon","Guatemala",7.58,7.5,7.25,7.58,7.5
"817",81.92,"Bourbon","Guatemala",7.5,7.5,7.25,7.42,7.42
"818",81.92,"Caturra","Honduras",7.58,7.5,7.25,7.42,7.5
"819",81.92,"Catuai","Brazil",7.42,7.33,7.33,7.5,7.33
"820",81.92,"Bourbon","El Salvador",7.67,7.58,7.33,7.5,7.67
"821",81.92,"Catuai","Guatemala",7.58,7.58,7.17,7.17,7.33
"822",81.92,"Other","Tanzania, United Republic Of",7.33,7.33,7.33,7.5,7.58
"823",81.92,NA,"Nicaragua",7.58,7.42,7.25,7.5,7.67
"824",81.92,"SL28","Zambia",7.67,7.08,7.42,7.75,7.42
"825",81.92,NA,"Honduras",7.42,7.33,7.33,7.33,7.5
"826",81.92,"Typica","Taiwan",7.5,7.5,7.42,7.5,7.5
"827",81.92,"Bourbon","Mexico",7.58,7.5,7.25,7.5,7.25
"828",81.92,"Typica","Mexico",7.5,7.5,7.25,7.5,7.5
"829",81.92,"Mundo Novo","Mexico",7.5,7.42,7.25,7.33,7.33
"830",81.92,"Other","Mexico",7.33,7.58,7.17,7.42,7.33
"831",81.92,"Bourbon","Mexico",7.67,7.42,7.33,7.5,7.5
"832",81.92,"Mundo Novo","Brazil",7.42,7.58,7.25,7.33,7.5
"833",81.92,NA,"Colombia",7.67,7.33,7.33,7.33,7.33
"834",81.83,"Bourbon","Guatemala",7.42,7.5,7.25,7.33,7.42
"835",81.83,"Catuai","Costa Rica",7.25,7.33,7.5,7.67,7.42
"836",81.83,"Mundo Novo","Brazil",7.42,7.5,7.42,7.42,7.25
"837",81.83,"Other","Indonesia",7.75,7.83,7.58,7.92,7.83
"838",81.83,"Bourbon","Guatemala",7.58,7.5,7.33,7.58,7.25
"839",81.83,"Yellow Bourbon","Brazil",7.17,7.58,6.83,7.75,7.25
"840",81.83,"Yellow Bourbon","Brazil",7.58,7,6.92,7.67,7.5
"841",81.83,"Catuai","Myanmar",7.33,7.58,7.5,7.33,7.33
"842",81.83,"Catuai","Mexico",7.58,7.5,7.33,7.17,7.33
"843",81.83,"Catuai","Honduras",7.5,7.5,7.33,7.42,7.25
"844",81.83,"Caturra","Costa Rica",7.67,7.5,7.5,7.08,7.42
"845",81.83,"Typica","Taiwan",7.67,7.33,7.17,7.75,7.33
"846",81.83,"Typica","Indonesia",7.42,7.42,7.42,7.42,7.42
"847",81.83,"Gesha","Malawi",7.58,7.42,7.33,7.33,7.42
"848",81.83,"Bourbon","Brazil",7.33,7.58,7.25,7.83,7.33
"849",81.83,"Caturra","Honduras",7.5,7.5,7.33,7.33,7.33
"850",81.83,"Typica","Mexico",7.42,7.42,7.25,7.33,7.42
"851",81.83,"Caturra","Colombia",7.5,7.5,7,7.5,7.58
"852",81.83,"Hawaiian Kona","United States (Hawaii)",7.83,7.83,7.83,7.83,7.83
"853",81.83,"Bourbon","Brazil",7.75,7.75,7.5,7.83,7.75
"854",81.83,"Bourbon","Guatemala",7.83,7.67,7.33,7.67,7.83
"855",81.83,"Bourbon","Mexico",7.83,7.33,7.25,7.25,7.33
"856",81.83,"Typica","Mexico",7.33,7.33,7.25,7.5,7.5
"857",81.83,"Mundo Novo","Brazil",7.33,7.67,7.25,7.5,7.25
"858",81.83,NA,"Colombia",7.58,7.5,7.17,7.33,7.33
"859",81.83,NA,"United States (Hawaii)",7.25,7.58,7.83,7.75,7.75
"860",81.75,"Bourbon","Guatemala",7.5,7.5,7.25,7.42,7.33
"861",81.75,"Caturra","Vietnam",7,7.08,7.33,7.5,7.33
"862",81.75,"Other","Tanzania, United Republic Of",7.42,7.42,7.42,7.33,7.33
"863",81.75,NA,"Brazil",7.17,7.25,7.17,7.42,8.25
"864",81.75,"Bourbon","Mexico",7.5,7.5,7.33,7.25,7.25
"865",81.75,"Mundo Novo","Mexico",7.42,7.5,7.17,7.33,7.42
"866",81.75,"Typica","Mexico",7.42,7.5,7.33,7.33,7.33
"867",81.75,"Caturra","Mexico",7.33,7.42,7.33,7.42,7.25
"868",81.75,"Typica","Mexico",7.5,7.42,7.25,7.67,7.25
"869",81.75,"Caturra","Colombia",7.33,7.42,7.33,7.5,7.67
"870",81.75,NA,"Colombia",7.42,7.58,6.92,7.25,8
"871",81.67,"Bourbon","Brazil",7.42,7.5,7.25,7.5,7.25
"872",81.67,"Bourbon","Guatemala",7.42,7.42,7.08,7.33,7.42
"873",81.67,"Bourbon","Guatemala",7.42,7.33,7.17,7.33,7.42
"874",81.67,"Catuai","Honduras",7.58,7.5,7.33,7.42,7.25
"875",81.67,NA,"Tanzania, United Republic Of",7.17,7.33,7.33,7.5,7.33
"876",81.67,NA,"Nicaragua",7.58,7.5,7.25,7.5,7.25
"877",81.67,NA,"Colombia",7.75,7.75,7.75,5.25,7.83
"878",81.67,"Yellow Bourbon","Brazil",7.25,7.75,6.92,7.5,7.58
"879",81.67,"Other","Tanzania, United Republic Of",7.42,7.33,7.25,7.5,7.42
"880",81.67,"Other","Tanzania, United Republic Of",7.33,7.33,7.5,7.42,7.33
"881",81.67,"Bourbon","Brazil",7.25,7.42,7.25,7.5,7.42
"882",81.67,"Sumatra","Indonesia",7.17,7.42,7.33,7.33,7.42
"883",81.67,"Caturra","Honduras",7.5,7.33,7.5,7.17,7.17
"884",81.67,"Caturra","Costa Rica",7.5,7.17,7.17,7.5,7.08
"885",81.67,NA,"Mexico",7.42,7.42,7.67,7.58,7.5
"886",81.67,"Typica","Taiwan",7.5,7.5,7.5,7.42,7.25
"887",81.67,"Typica","Taiwan",7.58,7.42,7.33,7.33,7.33
"888",81.67,"Typica","Mexico",7.5,7.42,7.08,7.33,7.33
"889",81.67,"Bourbon","Guatemala",7.5,7.67,7.33,7.33,7.33
"890",81.67,"Typica","Mexico",7.25,7.67,7.58,7.67,7.58
"891",81.67,"Bourbon","Mexico",7.67,7.25,7.17,7.5,7.25
"892",81.67,"Bourbon","Mexico",7.5,7.42,7.33,7.42,7.42
"893",81.67,"Bourbon","Mexico",7.58,7.42,7.25,7.25,7.17
"894",81.67,"Caturra","Mexico",7.75,7.58,7.25,7.58,7.33
"895",81.67,"Hawaiian Kona","United States (Hawaii)",7.42,7.33,7.33,7.17,7.83
"896",81.58,"Catimor","Honduras",7.5,7.42,7.08,7.5,7.33
"897",81.58,"Bourbon","Guatemala",7.42,7.42,7.08,7.42,7.33
"898",81.58,"Typica","Taiwan",7.42,7.42,7.25,7.33,7.25
"899",81.58,"Caturra","Costa Rica",7.58,7.42,7.5,7.08,7.58
"900",81.58,"Other","Tanzania, United Republic Of",7.42,7.42,7.33,7.42,7.33
"901",81.58,"Gesha","Malawi",7.42,7.42,7.17,7.33,7.33
"902",81.58,"Typica","Taiwan",7.33,7.17,7.08,8.33,8.25
"903",81.58,"Yellow Bourbon","Brazil",7.42,7.42,7.33,7.5,7.25
"904",81.58,"Bourbon","Guatemala",7.42,7.33,7.17,7.42,7.5
"905",81.58,"Typica","Mexico",7.67,7.5,7.42,6.75,7.42
"906",81.58,"Marigojipe","Mexico",7.33,7.5,7.25,7.5,7.17
"907",81.58,"Typica","Mexico",7.67,7.58,7.42,7.58,7.42
"908",81.58,NA,"Thailand",7.08,7.33,7.58,7.17,7.5
"909",81.58,NA,"Thailand",7.33,7.33,7.17,7.58,7.33
"910",81.58,NA,"Costa Rica",7.25,7.17,7.33,7.5,7.75
"911",81.5,"Bourbon","Guatemala",7.67,7.58,7.17,7.33,7.42
"912",81.5,"Caturra","Nicaragua",7.5,7.42,7.33,7.25,7.33
"913",81.5,"Caturra","Honduras",7.5,7.5,7.33,7.17,7.25
"914",81.5,"Bourbon","Guatemala",7.5,7.42,7.25,7.5,7.25
"915",81.5,"Typica","Taiwan",7.5,7.42,7.33,7.58,7.25
"916",81.5,"Catuai","Myanmar",7.25,7.42,7.25,7.33,7.33
"917",81.5,"Caturra","Costa Rica",7.83,7.33,7.08,7.33,7.5
"918",81.5,"Gesha","Malawi",7.67,7.42,6.92,7.5,7.17
"919",81.5,"Other","Guatemala",7.5,7.42,7.17,7.25,7.42
"920",81.5,"Typica","Taiwan",7.42,7.33,7.67,7.42,7.5
"921",81.5,"Yellow Bourbon","Brazil",7.58,7.5,7.5,7.67,7.83
"922",81.5,"Blue Mountain","Haiti",7.42,7.33,7.25,7.42,7.33
"923",81.5,"Typica","Taiwan",7.5,7.42,7.25,7.33,7.33
"924",81.5,"Typica","Mexico",7.33,7.33,7.17,7.5,7.5
"925",81.5,"Typica","Mexico",7.58,7.42,7.25,7.33,7.33
"926",81.5,"Catuai","Mexico",7.42,7.25,7.17,7.17,8
"927",81.5,"Typica","Mexico",7.33,7.5,7.33,7.33,7.42
"928",81.5,"Bourbon","Mexico",7.42,7.42,7.33,7.25,7.42
"929",81.5,"Typica","Mexico",7.5,7.5,7.25,7.42,7.58
"930",81.5,"Other","Indonesia",7.75,7.17,7.17,7.58,7.33
"931",81.5,"Bourbon","Brazil",7.5,7.42,7.17,7.5,7.33
"932",81.5,"Bourbon","Guatemala",7.33,7.5,7.33,7.17,7.33
"933",81.5,NA,"Colombia",7.42,7.42,7.17,7.42,7.33
"934",81.5,NA,"United States (Hawaii)",7.33,7.33,7.33,7.5,7.83
"935",81.42,"Mundo Novo","Mexico",7.58,7.33,7.08,7.5,7.33
"936",81.42,"Catuai","Guatemala",7.42,7.33,7.08,7.33,7.25
"937",81.42,"Catuai","Brazil",7.33,7.5,7.5,6.83,7.42
"938",81.42,"Catuai","Honduras",7.5,7.33,7.17,7.5,7.42
"939",81.42,"Typica","Taiwan",7.83,7.75,7.42,7.08,7.08
"940",81.42,"Gesha","Malawi",7.58,7.17,7.33,7.08,7.42
"941",81.42,"Bourbon","Brazil",7.25,7.5,7.42,7.33,7.33
"942",81.42,"Bourbon","Guatemala",7.42,7.5,7.17,7.42,7.42
"943",81.42,"Typica","Mexico",7.67,7.33,7.25,7.25,7.42
"944",81.42,NA,"Peru",7.42,7.42,7.17,7.42,7.42
"945",81.42,"Bourbon","Guatemala",7.42,7.33,7.25,7.42,7.5
"946",81.42,"Caturra","Mexico",7.42,7.33,7.25,7.25,7.42
"947",81.42,"Typica","Mexico",7.42,7.42,7.25,7.5,7.33
"948",81.42,"Caturra","Colombia",7.5,7.42,7.25,7.17,7.75
"949",81.42,NA,"Colombia",7.75,7.33,7.42,7.33,7.25
"950",81.42,"Peaberry","United States (Hawaii)",7.83,7,7,7.58,7.5
"951",81.33,"Caturra","Colombia",7.5,7.33,7.33,7.33,7.42
"952",81.33,"Caturra","Honduras",7.5,7.5,7,7.5,7.33
"953",81.33,NA,"Mexico",7.67,7.42,7,7.58,7.08
"954",81.33,"Catuai","Brazil",7.25,7.33,7.33,7.33,7.42
"955",81.33,"Catuai","Honduras",7.58,7.42,7.17,7.17,7.17
"956",81.33,"Yellow Bourbon","Brazil",7.17,7.33,7.42,7.42,7.33
"957",81.33,"Other","Philippines",7.08,7.33,7.42,7.33,7.5
"958",81.33,"Gesha","Malawi",7.75,7.33,7.08,7.33,7.25
"959",81.33,"Catuai","Honduras",7.33,7.33,7.17,7.5,7.33
"960",81.33,"Typica","Mexico",7.58,7.42,7.25,7.25,7.25
"961",81.33,"Typica","Mexico",7.33,7.25,7.17,7.58,7.33
"962",81.33,"Catuai","Brazil",7.5,7.58,7.5,7.75,7.83
"963",81.25,"Typica","Taiwan",7.83,7.75,7.67,7.83,7.75
"964",81.25,"Yellow Bourbon","Brazil",7.17,7.42,7.17,6.92,8.17
"965",81.25,"Catuai","Nicaragua",7.08,7.5,7.33,7.42,7.25
"966",81.25,"Catuai","Honduras",7.42,7.17,7.17,7.33,7.25
"967",81.25,"Pacamara","Guatemala",7.33,7.42,7.17,7.42,7.33
"968",81.25,"Other","Tanzania, United Republic Of",7.33,7.17,7.17,7.25,7.42
"969",81.25,"Typica","Taiwan",7.5,7.5,7.25,7.25,7.25
"970",81.25,"Caturra","Guatemala",7.5,7.33,7.5,7,7.25
"971",81.25,"Typica","Mexico",7.42,7.42,7.33,7.5,7.42
"972",81.17,NA,"Nicaragua",7.33,7.5,7.17,7.58,7.17
"973",81.17,"Bourbon","Tanzania, United Republic Of",7.67,7.17,7.17,7.5,7.17
"974",81.17,"Caturra","Mexico",7.75,7.58,7.08,7.08,7.25
"975",81.17,"Caturra","Costa Rica",7.5,7.5,7.33,7.08,7.17
"976",81.17,"Catuai","Honduras",7.42,7.33,7,7.33,7.33
"977",81.17,"Caturra","Thailand",6.83,7.42,7.42,7.5,7.42
"978",81.17,"Typica","Philippines",7.25,7.25,7.25,7.58,7.5
"979",81.17,"Bourbon","Tanzania, United Republic Of",7.58,7.17,7.17,7.33,7.25
"980",81.17,"Caturra","Malawi",7.58,7.25,7.33,7.33,7.33
"981",81.17,"Catuai","Costa Rica",7.33,7.08,7.33,7.33,7.58
"982",81.17,"Catuai","Brazil",7.42,7.42,7.17,7.33,7.25
"983",81.17,"Typica","Mexico",7.42,7.25,7.08,7.42,7.17
"984",81.17,"Caturra","Guatemala",7.42,7.25,7.33,7.25,7.42
"985",81.17,"Mundo Novo","Brazil",7.42,7.33,7.25,7.5,7.17
"986",81.17,NA,"United States (Hawaii)",7.25,7.75,7.67,7.42,7.67
"987",81.08,NA,"Ethiopia",7.42,7.33,7.17,7.42,7.17
"988",81.08,"Mundo Novo","Brazil",7.58,7.42,7.5,7.75,7.58
"989",81.08,"Other","Nicaragua",7.33,7.33,7.33,7.33,7.33
"990",81.08,"Pache Comun","United States",7.42,7.17,7.33,7.25,7.33
"991",81.08,"Other","Tanzania, United Republic Of",7.42,7.33,7.33,7.25,7.33
"992",81.08,"Caturra","Costa Rica",7.42,7.25,7.17,7.25,7.58
"993",81.08,"Other","United States (Puerto Rico)",7.67,7.75,7.67,7.58,7.67
"994",81.08,"Typica","Mexico",7.25,7.42,7.33,7.17,7.33
"995",81.08,"Typica","Mexico",7.33,7.25,7.33,7.25,7.42
"996",81.08,"Typica","Mexico",7.33,7.33,7.25,7.25,7.25
"997",81.08,"Typica","Mexico",7.42,7.33,7.25,7.17,7.25
"998",81.08,"Hawaiian Kona","United States (Hawaii)",7.42,7.42,7.25,6.92,7.17
"999",81,"Bourbon","Brazil",7.25,7.25,7.17,7.33,7.17
"1000",81,"Bourbon","El Salvador",7.42,7.08,7.08,7.25,7.58
"1001",81,"Yellow Bourbon","Brazil",7.33,7.17,7.17,7.33,7.17
"1002",81,"Bourbon","Guatemala",7.42,7.25,7.17,7.25,7.17
"1003",81,"Caturra","Colombia",7.67,7.5,7.42,7.67,7.75
"1004",81,"Bourbon","Guatemala",7.5,7.25,7,7.5,7.25
"1005",81,"Typica","Taiwan",7.25,7.17,7.17,7.5,7.33
"1006",81,"Caturra","Honduras",7.42,7.25,7.25,7.25,7.17
"1007",81,"Mundo Novo","Brazil",7.67,7.75,7.83,7.83,7.75
"1008",81,"Other","Tanzania, United Republic Of",7.33,7.33,7.08,7.17,7.33
"1009",81,"SL14","Uganda",7.33,6.92,7.17,7.42,7.42
"1010",81,"Typica","Taiwan",7.5,6.92,7.33,7.33,7.33
"1011",81,NA,"Thailand",7.33,7.42,7.25,7.25,7.17
"1012",81,"Other","Mexico",7.08,7.33,7.33,7.42,7.25
"1013",81,"Typica","Mexico",7.58,7.67,7.5,7.58,7.5
"1014",80.92,"Other","Taiwan",7.33,7.17,7.25,7.33,7.25
"1015",80.92,"Bourbon","Guatemala",7.67,7.67,7.33,7.67,7.5
"1016",80.92,"SL28","Kenya",7.17,7.58,7.5,8,7.75
"1017",80.92,"Bourbon","Mexico",7.5,7.33,7.17,7.5,7.33
"1018",80.92,"Other","Myanmar",7.17,7.42,7,7.33,7
"1019",80.92,"Hawaiian Kona","United States (Hawaii)",7.42,7.08,7.17,7.58,7.25
"1020",80.92,"Other","Tanzania, United Republic Of",7.33,7.17,7.17,7.42,7.33
"1021",80.92,"Yellow Bourbon","Brazil",7.25,7.33,7.25,7.25,7.33
"1022",80.92,"Typica","Taiwan",7.92,7.67,7.33,7.08,7.08
"1023",80.92,"Bourbon","Brazil",7.17,7.42,7.17,7.25,7.33
"1024",80.92,"Caturra","Nicaragua",7.33,7.08,7.25,7.5,7.42
"1025",80.92,"Pacas","Guatemala",7.58,7.42,6.92,7.25,7.17
"1026",80.92,"Typica","Taiwan",7.42,7.25,7.25,7.25,7.25
"1027",80.92,"Typica","Taiwan",7.25,7.17,7.08,7.08,8.08
"1028",80.92,"Typica","Taiwan",7.42,7.25,7.25,7.25,7.25
"1029",80.92,"Typica","Mexico",7.58,7.33,7.08,7.17,7.25
"1030",80.92,"Peaberry","Thailand",7.67,7.58,7.33,7.17,7
"1031",80.83,"Catimor","Laos",7.42,7.33,7.17,7.17,7.25
"1032",80.83,"Caturra","Guatemala",7.67,7.25,7.08,7.17,7.25
"1033",80.83,"Catuai","Mexico",7.17,7.08,7.25,7.25,7.33
"1034",80.83,"Typica","Mexico",7.33,7.25,7.33,7.25,7.17
"1035",80.83,"Bourbon","Mexico",7.5,7.17,7.33,7.17,7.17
"1036",80.83,"Hawaiian Kona","United States (Hawaii)",7.42,7.33,7,7.33,7.5
"1037",80.83,NA,"Colombia",7.33,7.33,7,7.33,7.67
"1038",80.75,NA,"Brazil",7.17,7.25,7.08,7.25,7.58
"1039",80.75,"Catuai","Myanmar",6.92,7.5,7,7.5,7.08
"1040",80.75,"Caturra","Guatemala",7.5,7.33,7,7.17,7.17
"1041",80.75,"Other","Nicaragua",7.25,7.25,7.17,7.33,7.25
"1042",80.75,"Caturra","Honduras",7.5,7.33,7,7.25,7.17
"1043",80.75,"Caturra","Panama",7.25,7.33,7.17,7.33,7.17
"1044",80.75,"Catuai","Honduras",7.42,7.17,7.08,7.25,7.25
"1045",80.75,"Catuai","Honduras",7.25,7.33,7.08,7.25,7.33
"1046",80.75,"Caturra","Costa Rica",7.33,7.33,7.25,7.17,7.17
"1047",80.75,"Typica","Mexico",7.58,7.33,7.42,7.5,7.5
"1048",80.75,"Typica","Haiti",7.42,7,7.42,7.08,7.33
"1049",80.75,"Arusha","United States (Hawaii)",7.08,7.33,7.17,7.33,7.67
"1050",80.67,"Typica","Taiwan",7.33,7.08,7.08,7.42,7.33
"1051",80.67,"Mandheling","Indonesia",7.58,7.42,7,7.5,7.5
"1052",80.67,"Bourbon","Guatemala",7.67,7.42,6.83,7.42,7.17
"1053",80.67,"Caturra","Costa Rica",7.83,7.5,7.67,7.83,7.5
"1054",80.67,"Caturra","Malawi",7.5,7.25,7.17,7.25,7.17
"1055",80.67,"Typica","Mexico",7.25,7.17,7.17,7.17,7.42
"1056",80.67,"Caturra","Colombia",7.67,7.5,7.42,7.5,7.75
"1057",80.67,"Bourbon","Guatemala",7.67,7.17,7,7,7
"1058",80.67,"Bourbon","Guatemala",7,7.33,7.5,7,7.33
"1059",80.67,"Bourbon","Guatemala",7,7.5,7.33,7.17,7.17
"1060",80.67,NA,"Colombia",7.17,7.25,7.08,7.08,7.42
"1061",80.58,NA,"Brazil",7.33,7.25,7.33,7.58,7.25
"1062",80.58,NA,"Nicaragua",7.08,7.5,7,7.42,7
"1063",80.58,"Other","Tanzania, United Republic Of",7.25,7.08,7.08,7.33,7.25
"1064",80.58,"Bourbon","Brazil",7.42,7.25,7.33,7.08,7.25
"1065",80.58,"Caturra","Honduras",7.5,7.17,7,7.33,7
"1066",80.58,"Bourbon","Guatemala",7.17,7.42,6.83,7.17,7.25
"1067",80.58,NA,"United States (Hawaii)",7.42,7.58,7.5,7.83,7.83
"1068",80.58,NA,"Colombia",7.08,7.25,7,7.08,7.33
"1069",80.5,"Other","Taiwan",7.17,7.17,7.17,7.17,7.25
"1070",80.5,"Caturra","Guatemala",7.33,7.25,7.08,7.25,7.17
"1071",80.5,"Catuai","Honduras",7.58,7.33,7,7.33,7.08
"1072",80.5,NA,"Mauritius",7.25,7.25,7.17,7.25,7.17
"1073",80.5,"Yellow Bourbon","Brazil",7.25,7.33,7.17,7.33,7.25
"1074",80.5,"Other","Myanmar",7.17,7.33,7.17,7.25,7.08
"1075",80.5,"Other","Guatemala",7.5,7.17,6.83,7.17,7.17
"1076",80.5,"Yellow Bourbon","Brazil",7.42,7.42,7.08,7.67,7.5
"1077",80.5,"Hawaiian Kona","United States (Hawaii)",7.42,7.33,7.33,7.58,7.42
"1078",80.5,"Bourbon","Guatemala",7.5,7.5,7,7.17,7
"1079",80.5,"Typica","Mexico",7.25,7.25,7.08,7.25,7.17
"1080",80.42,NA,"Honduras",7.25,7.42,7,7.33,7
"1081",80.42,"Typica","Taiwan",7.58,7.17,7.17,7.17,7.17
"1082",80.42,"Bourbon","El Salvador",7.33,7.17,7.08,7.33,7.17
"1083",80.42,"Other","China",7.25,7.08,7.25,7.33,7.17
"1084",80.42,"Typica","Taiwan",7.25,7.25,7.17,7.25,7.25
"1085",80.42,"Typica","Mexico",6.92,7.17,7.08,7.33,7.17
"1086",80.42,"Caturra","Mexico",7.42,7.08,7.08,7.25,7.17
"1087",80.33,NA,"Burundi",7.08,7.25,7.17,7.08,7.08
"1088",80.33,"Bourbon","Tanzania, United Republic Of",7.25,7.17,7,7.42,7.08
"1089",80.33,"Other","Tanzania, United Republic Of",7.25,7.17,7.25,7.25,7.08
"1090",80.33,"Yellow Bourbon","Taiwan",7.25,7.25,7.08,7.25,7.25
"1091",80.33,"Bourbon","Guatemala",7.33,7.33,6.83,7,7.17
"1092",80.33,"Typica","Mexico",7.25,7.08,7.08,7.33,7.17
"1093",80.33,"Hawaiian Kona","United States (Hawaii)",7.17,7.5,6.92,7.67,7.33
"1094",80.33,NA,"Ethiopia",7.25,7.25,7.25,7.5,8
"1095",80.25,"Catuai","Brazil",7.17,7.33,7.42,7,7
"1096",80.25,"Caturra","Honduras",7.25,7.25,7,7.42,7
"1097",80.25,"Caturra","Mexico",7.25,7.17,7,7.33,7
"1098",80.25,"Other","Myanmar",8,7.08,7,7.08,6.92
"1099",80.25,"Catuai","Myanmar",7.42,7,7.08,7.17,7.33
"1100",80.25,"Caturra","Nicaragua",7.08,6.92,7,7.5,7.25
"1101",80.25,"Hawaiian Kona","United States (Hawaii)",7.5,7.08,7.67,7.42,7.58
"1102",80.25,"Typica","Colombia",7.42,8,7.83,8.08,7.58
"1103",80.25,"Typica","Taiwan",7.25,7.08,7.25,7.17,7.25
"1104",80.25,"Caturra","Guatemala",7,7.17,7.33,7,7.17
"1105",80.25,"Caturra","Mexico",7.58,7.33,7.17,6.75,7
"1106",80.17,"Catimor","Vietnam",7.42,7.25,7.25,7.42,7.33
"1107",80.17,"Caturra","Nicaragua",7.17,7.08,7.08,7.25,7.08
"1108",80.17,"Catuai","Honduras",7.25,7.25,7,7.08,7.08
"1109",80.17,"Bourbon","Guatemala",7.33,7.33,7,7.17,7.17
"1110",80.17,"Typica","Mexico",7.33,7.08,6.92,7.25,7.08
"1111",80.17,"Typica","Mexico",7.58,7.42,7.33,7.08,7.17
"1112",80.17,"Bourbon","Mexico",7.33,7.33,7.17,7.25,7
"1113",80.17,"Bourbon","Guatemala",7.33,7.33,7,7,7
"1114",80.17,NA,"United States (Hawaii)",7.58,7.5,7.33,7.67,7.33
"1115",80.08,"Bourbon","Brazil",7.17,7.17,7,7.25,7.25
"1116",80.08,"Typica","Taiwan",7.42,7.25,7.25,7,7
"1117",80.08,NA,"Nicaragua",7.25,7.17,6.92,7.17,7.25
"1118",80.08,"Typica","Taiwan",7.25,7.25,7.25,7.08,7
"1119",80.08,"Typica","Taiwan",7.25,7.25,7.25,7.25,7.08
"1120",80.08,"Typica","Taiwan",7.25,7.25,7.25,7.17,7.08
"1121",80.08,"Typica","Mexico",7.33,7.17,7.25,7.08,7.08
"1122",80.08,"Typica","Mexico",7.25,7.08,7,7.33,7.17
"1123",80,"Caturra","Nicaragua",7.33,7.08,6.92,7.42,7.17
"1124",80,"Other","Myanmar",7.17,7.33,7,7.17,7
"1125",80,"Typica","Mexico",7.58,7.75,7.42,7.5,7.5
"1126",80,"Typica","Taiwan",7.25,7.25,7.25,7.25,7
"1127",80,NA,"Thailand",7.33,6.67,7.08,7.42,7.08
"1128",80,"Typica","Mexico",7.25,7.25,7.08,7.33,7.33
"1129",80,"Other","Mexico",7.08,7.33,7,7.08,7
"1130",80,NA,"Ethiopia",7.42,7.42,7.5,7.75,7.58
"1131",79.92,NA,"Colombia",7.83,7.67,7.58,7.83,7.17
"1132",79.92,"Hawaiian Kona","United States (Hawaii)",7.5,7,7,7.33,7.17
"1133",79.92,"Bourbon","Mexico",7.33,7.08,7.08,7.42,7.17
"1134",79.92,"Other","Mexico",7.17,7.17,6.92,7.33,7.08
"1135",79.92,"Bourbon","Mexico",7.5,7.17,7,7.25,7.08
"1136",79.92,"Catuai","Mexico",7.17,7.08,7.08,7.5,7.33
"1137",79.92,"Typica","Mexico",7.33,7.25,7,7.17,7.17
"1138",79.92,"Mundo Novo","Mexico",7.17,7.33,7.08,7.33,7.08
"1139",79.92,NA,"United States (Hawaii)",7.5,7.42,7.58,7.5,7.58
"1140",79.83,"SL34","Kenya",7,7.08,7,7.25,7.25
"1141",79.83,"Bourbon","Guatemala",7.33,7.25,6.92,7.25,7.33
"1142",79.83,"Caturra","Nicaragua",6.83,7.17,7.17,7.5,7.08
"1143",79.83,"Typica","Mexico",7.17,7.08,7,7.5,7
"1144",79.83,"Hawaiian Kona","United States (Hawaii)",7.58,7.08,6.83,7.5,7.17
"1145",79.75,"Bourbon","Guatemala",7.5,7.42,7.25,7.33,7.42
"1146",79.75,"Typica","Taiwan",7.75,7.33,7.17,7.67,7.83
"1147",79.75,"Typica","Taiwan",7.08,7.08,7.25,7.17,7.17
"1148",79.75,NA,"Thailand",7.25,7.08,6.92,7.08,6.92
"1149",79.75,NA,"Peru",7,7.08,7,7.5,7.42
"1150",79.75,"Catuai","Costa Rica",7.58,7.5,7.67,7.67,7.58
"1151",79.75,"Typica","Mexico",7.58,7.08,7,7.5,6.92
"1152",79.75,"Bourbon","Mexico",7.58,7.08,6.92,7.5,6.92
"1153",79.75,"Bourbon","Mexico",7.25,7.08,7,7.17,7.08
"1154",79.75,"Bourbon","Mexico",7.25,7.17,7.17,7.17,7
"1155",79.75,"Typica","Mexico",7.33,7.25,7,7.08,7
"1156",79.75,"Bourbon","Guatemala",7.58,7.33,7.5,7,7.33
"1157",79.75,"Typica","Mexico",7.25,6.83,6.92,7.25,7.08
"1158",79.67,"Bourbon","Guatemala",7.42,7.42,7.25,7.42,7.33
"1159",79.67,"Bourbon","El Salvador",7.25,7.08,7,7.33,7.17
"1160",79.67,NA,"Thailand",6.92,7.17,6.83,7.17,7.08
"1161",79.67,"Bourbon","Guatemala",7.5,7,6.83,7.08,7.17
"1162",79.67,"Typica","Mexico",7.42,7.25,6.83,7.17,6.58
"1163",79.67,"Caturra","Mexico",7.33,7.17,7,7.08,7
"1164",79.67,"Mundo Novo","Mexico",6.92,7.17,7.17,7.08,7.08
"1165",79.67,"Peaberry","Thailand",7.17,7.17,7,7.25,6.92
"1166",79.58,"Typica","Mexico",7.08,7,6.92,7.25,7.08
"1167",79.58,"Caturra","Mexico",7.25,6.92,6.92,7.25,7
"1168",79.58,NA,"Colombia",7.25,7.17,7,7.17,7.33
"1169",79.58,NA,"Guatemala",7.08,7,6.83,7.25,7
"1170",79.5,"Caturra","Nicaragua",6.92,6.92,7,7.25,7
"1171",79.5,"Typica","Taiwan",6.92,7,7.17,7.42,7
"1172",79.5,"Caturra","Colombia",7.83,7.5,7.42,7.67,7.5
"1173",79.5,"Caturra","Mexico",7.25,7.08,6.92,7.58,7.08
"1174",79.5,"Typica","Mexico",7.25,7.33,7,7.17,7.17
"1175",79.42,"Bourbon","Guatemala",7.08,7.33,7.25,7.33,7.42
"1176",79.42,"Other","Guatemala",7.25,7.33,6.83,7,7.17
"1177",79.42,"Typica","Mexico",7,6.83,6.83,7.33,7.17
"1178",79.33,NA,"Cote d?Ivoire",7.42,7.25,6.83,7.33,7.08
"1179",79.33,"Caturra","Colombia",7.42,7.25,6.75,7.42,7.25
"1180",79.33,"Typica","Mexico",7,7,6.83,7.42,6.92
"1181",79.33,"Typica","Mexico",7.42,7.17,7.08,7.08,7.08
"1182",79.33,"Bourbon","Guatemala",7.17,6.5,6.33,7.58,7.33
"1183",79.25,"Typica","Taiwan",7.08,6.83,6.83,7.42,7.08
"1184",79.25,"Bourbon","Mexico",7,7,6.92,7.17,7.08
"1185",79.17,"Bourbon","Guatemala",7.33,7.42,7.33,7.5,7.42
"1186",79.17,"Catuai","Honduras",7.58,7,6.75,7,6.92
"1187",79.17,"Bourbon","Guatemala",7.08,7,6.92,7,6.92
"1188",79.17,"Catuai","Guatemala",7.25,7.17,6.75,7,6.92
"1189",79.17,"Catuai","Costa Rica",7.17,7.42,7.5,7.25,7.83
"1190",79.17,"Typica","Mexico",7.25,7.08,6.92,7.17,7.17
"1191",79.17,"Typica","Mexico",7.17,6.92,6.92,7.17,7
"1192",79.17,"Typica","Mexico",6.75,6.75,6.83,7.58,7.08
"1193",79.08,"Bourbon","Guatemala",7.58,7.67,7.42,7.67,7.67
"1194",79.08,"Other","United States (Puerto Rico)",7.42,7.08,6.75,7.33,6.92
"1195",79.08,"Typica","Mexico",7.33,7,6.92,7.33,7.08
"1196",79.08,"Mundo Novo","Mexico",7.25,7.08,6.75,7.42,7
"1197",79.08,"Typica","Mexico",7.17,7.25,7.25,7.25,7.08
"1198",79.08,NA,NA,6.75,6.75,6.42,7.58,7.5
"1199",79,"Other","Guatemala",7.33,7.17,6.58,7.08,6.83
"1200",79,"Pacas","Honduras",7,7,7,7,7
"1201",79,"Typica","Peru",7.67,7.17,7.08,8,7.5
"1202",79,"Mundo Novo","Mexico",6.75,7.08,6.67,7.17,7.08
"1203",79,"Typica","Mexico",7.5,7.17,6.92,7.25,7
"1204",79,"Typica","Mexico",7.17,6.83,6.83,7.17,6.92
"1205",78.92,"Typica","Mexico",7.33,7,6.75,7.17,7.25
"1206",78.92,"Typica","Mexico",7.5,7,6.92,6.92,6.75
"1207",78.83,"Caturra","Nicaragua",7.17,7,6.92,7,7
"1208",78.75,NA,"United States (Hawaii)",7.5,6.92,6.92,7.58,7.42
"1209",78.75,"Bourbon","Guatemala",7.33,7.08,6.33,7,7
"1210",78.75,"Typica","Mexico",7.25,6.83,6.83,7.17,7
"1211",78.75,"Typica","Mexico",7.25,7.33,7.17,7.08,7
"1212",78.75,"Bourbon","Mexico",7.67,7.17,6.83,7.58,7.17
"1213",78.67,"Typica","China",7,6.92,6.83,7.17,7.17
"1214",78.67,"Caturra","Mexico",6.92,6.92,6.67,7.17,6.92
"1215",78.58,NA,"Nicaragua",7.08,7,6.75,7.08,6.92
"1216",78.58,NA,"Nicaragua",6.83,7.08,6.92,7.25,7.08
"1217",78.58,"Other","Guatemala",7.33,7.17,6.92,7.25,7.17
"1218",78.58,"Typica","Taiwan",6.83,6.75,7.17,7,6.92
"1219",78.58,"Typica","Mexico",7,7,6.75,6.92,6.92
"1220",78.58,"Typica","Mexico",7.92,7.58,7.58,7.92,7.5
"1221",78.58,NA,"United States (Hawaii)",7.92,6.83,7.08,6.75,7.33
"1222",78.5,"Bourbon","Mexico",7.25,6.75,6.92,7.25,7.58
"1223",78.5,"Typica","Mexico",7.08,6.83,6.83,7,6.92
"1224",78.5,"Caturra","Mexico",7.25,7.17,7,7.58,7.08
"1225",78.42,"Catuai","Brazil",6.83,7,6.92,6.92,6.83
"1226",78.42,"Typica","Mexico",7.58,7.17,7,7.33,7
"1227",78.33,"Hawaiian Kona","United States (Hawaii)",7.5,7.75,7.58,7.92,7.92
"1228",78.33,"Other","Guatemala",7.17,6.5,6.67,7.17,7.17
"1229",78.33,"Bourbon","Guatemala",7.17,7.17,6.5,7,6.83
"1230",78.33,"Typica","Mexico",7.25,7.25,7,7.33,7.42
"1231",78.33,"Bourbon","Guatemala",7.17,6.08,6.17,7.33,7.33
"1232",78.25,"Hawaiian Kona","United States (Hawaii)",7.5,7.5,7.33,7.5,7.42
"1233",78.25,"Hawaiian Kona","United States (Hawaii)",7.42,7.33,7.33,7.67,7.75
"1234",78.17,"Java","Indonesia",6.92,6.83,6.92,6.92,6.83
"1235",78.08,"Typica","Mexico",7.08,6.83,6.67,7.25,6.92
"1236",78,"Yellow Bourbon","Taiwan",7.5,7.08,7.33,7.5,7.5
"1237",78,"Pacas","Honduras",6.83,7,6.67,7,6.83
"1238",78,"Hawaiian Kona","United States (Hawaii)",7.58,7.33,7.5,7.5,7.33
"1239",78,"Other","Guatemala",7.42,7.25,6.83,7,6.92
"1240",78,"Typica","China",7.33,7.17,6.92,7.33,7
"1241",78,"Bourbon","Guatemala",7,6.83,6.83,6.67,6.83
"1242",78,"Other","Mexico",7.25,7.33,7,7.25,7.08
"1243",78,NA,"Colombia",7.42,7.17,7,7.67,7.17
"1244",77.92,"Caturra","Costa Rica",7.5,7.25,7.42,7.08,6.83
"1245",77.92,"Typica","Mexico",7.42,7.25,7,7.25,7.08
"1246",77.92,"Bourbon","Guatemala",7.17,6.17,6.17,7.33,6.83
"1247",77.83,NA,"Nicaragua",7.42,7,7,7.08,7
"1248",77.83,NA,"Brazil",7,6.75,6.67,7.08,6.83
"1249",77.83,"Bourbon","Guatemala",7,6.83,6.67,6.83,6.83
"1250",77.67,"Typica","Taiwan",7.17,6.75,6.58,7.33,7.17
"1251",77.58,NA,"United States (Hawaii)",7.58,7.67,7.58,7.42,7.42
"1252",77.5,"Typica","Mexico",7.17,6.75,6.58,6.83,6.75
"1253",77.42,"Bourbon","Guatemala",7.08,6.92,6.33,6.92,7
"1254",77.33,"Bourbon","Brazil",7.5,7.33,7.42,7.58,6.92
"1255",77.33,"Other","Guatemala",7.33,7,6.83,7.17,7.17
"1256",77.33,"Typica","Mexico",7.33,7,6.67,6.92,6.92
"1257",77.25,"Typica","Haiti",6.83,6.83,6.83,6.92,6.92
"1258",77.25,NA,"United States (Hawaii)",7.08,6.92,6.83,7.58,7.42
"1259",77.17,"Other","Mexico",7.08,7,7,7.33,7.25
"1260",77,"Caturra","Peru",7.42,7.75,7.42,7.92,7.83
"1261",76.83,NA,"India",7.67,7.33,7.17,7.17,7.42
"1262",76.75,"Typica","Mexico",6.67,6.33,6.42,7,6.92
"1263",76.5,"Bourbon","Guatemala",6.42,6.5,6.5,6.33,6.92
"1264",76.42,"Typica","Mexico",7.17,6.58,6.58,7.25,6.58
"1265",76.33,"Bourbon","Guatemala",7.5,7,6.83,7.17,7.33
"1266",76.33,"Bourbon","Guatemala",6.17,6.5,6.5,7,6.83
"1267",76.25,"Hawaiian Kona","United States (Hawaii)",7.25,7.08,6.83,7.33,6.83
"1268",76.17,NA,"United States (Hawaii)",7.5,7.33,7.33,7.67,7.25
"1269",76.17,"Typica","Mexico",7.42,7,6.83,6.92,6.83
"1270",76.17,"Other","Indonesia",7.33,7,6.5,7.58,6.33
"1271",76.08,"Bourbon","Mexico",7.08,6.83,6.83,7.17,7.08
"1272",76,"Pacas","Honduras",6.83,6.83,6.67,7,6.83
"1273",75.83,NA,"Philippines",6.83,6.5,6.5,6.75,7
"1274",75.67,NA,"Brazil",7.17,7,6.83,7.17,7
"1275",75.58,"Bourbon","Guatemala",7.92,7.58,7.17,7.33,7.17
"1276",75.58,"Bourbon","Guatemala",6.67,6.5,6.33,7.17,6.75
"1277",75.5,"Pacamara","Mexico",7.5,7.25,6.92,7.17,6.83
"1278",75.17,"Mundo Novo","Mexico",7.17,6.92,6.67,7.25,7.75
"1279",75.17,"Other","Mexico",7.25,6.83,6.67,7.17,6.83
"1280",75.17,"Typica","Mexico",7.17,7.17,6.83,7.42,6.67
"1281",75,"Typica","Mexico",7,6.92,6.75,7.17,6.83
"1282",74.92,"Typica","Mexico",7.08,6.75,6.58,7,6.75
"1283",74.83,"Typica","Mexico",7.33,6.75,6.67,7.5,7
"1284",74.75,"Bourbon","Guatemala",6.75,6.5,6.17,7.25,6.75
"1285",74.75,"Bourbon","Guatemala",6.75,6.67,6.17,7,6.58
"1286",74.67,"Typica","Mexico",7.08,7,6.83,7.33,6.83
"1287",74.42,"Hawaiian Kona","United States (Hawaii)",7.5,7.25,7,7.42,7.33
"1288",74.33,"Bourbon","Guatemala",6.5,6.33,6.5,7.33,6.83
"1289",74.33,"Typica","Mexico",7,6.58,6.67,7.08,6.83
"1290",74,"Typica","Mexico",6.92,6.42,6.17,7.25,6.75
"1291",73.83,"Typica","Mexico",7.67,7,7.17,7.33,7.33
"1292",73.67,"Hawaiian Kona","United States (Hawaii)",7.17,7.17,7.17,7.67,6.92
"1293",73.5,NA,"Brazil",7.25,6.58,6.58,7,6.42
"1294",73.42,"Pacas","Honduras",7,7.17,6.83,7,7.17
"1295",72.92,"Typica","Mexico",7.08,7.08,6.92,6.92,6.92
"1296",72.83,NA,"Colombia",8,7.33,7.75,7.42,7.67
"1297",72.58,"Hawaiian Kona","United States (Hawaii)",6.92,6.92,6.92,7.58,7.17
"1298",72.33,NA,"Haiti",6.92,6.75,7.08,7.33,6.67
"1299",71.75,"Caturra","Costa Rica",6.33,6.5,6.33,6.33,6.5
"1300",71.08,"Mundo Novo","Mexico",6.92,6.92,6.92,7.17,7
"1301",71,"Bourbon","Mexico",6.5,6.67,6.42,7.33,6.5
"1302",70.75,"Typica","Mexico",6.92,7,6.83,7.42,6.92
"1303",70.67,NA,"Brazil",7,7,6.83,7.33,6.83
"1304",69.33,"Catuai","Honduras",6.67,6.5,6.17,6.83,6.17
"1305",69.17,"Catuai","Honduras",7,6.17,6.17,6.5,6.17
"1306",69.17,"Catuai","Honduras",7,6.33,6.17,6.67,6.17
"1307",68.33,"Bourbon","Mexico",7.08,6.83,6.25,7.25,6.75
"1308",67.92,"Typica","Haiti",6.75,6.58,6.42,7.08,6.67
"1309",63.08,"Caturra","Nicaragua",7.25,6.58,6.33,6.42,6.08
"1310",59.83,"Catuai","Guatemala",7.5,6.67,6.67,7.33,6.67
"1311",0,"Caturra","Honduras",0,0,0,0,0
"1312",83.75,NA,"Uganda",7.83,8.08,7.75,8.25,7.92
"1313",83.5,NA,"India",8,7.75,7.92,7.92,7.92
"1314",83.25,NA,"India",7.92,7.83,7.92,7.83,7.92
"1315",83,NA,"Uganda",8,7.92,7.92,7.83,7.75
"1316",83,NA,"Uganda",8.33,7.83,7.83,8.25,7.75
"1317",82.75,NA,"India",8,7.92,7.67,7.75,7.92
"1318",82.58,NA,"India",7.67,7.75,7.83,7.92,7.75
"1319",82.5,NA,"India",7.67,7.75,7.83,7.92,7.83
"1320",82.5,"Other","India",7.67,7.75,7.58,7.83,8
"1321",82.42,NA,"Uganda",7.67,7.83,7.83,7.92,7.75
"1322",81.75,NA,"Uganda",7.58,7.92,7.75,7.5,7.67
"1323",81.58,"Other","India",7.67,7.83,7.75,7.75,7.58
"1324",81.58,NA,"India",7.58,7.58,7.67,7.67,7.67
"1325",81.5,NA,"Uganda",8,7.75,7.75,7.67,7.5
"1326",81.5,NA,"Uganda",8,7.67,7.75,7.67,7.58
"1327",81.42,NA,"India",7.75,7.75,7.67,7.58,7.58
"1328",81.25,NA,"India",7.5,7.5,7.25,7.67,7.83
"1329",80.92,NA,"Uganda",7.33,7.58,7.5,7.75,7.67
"1330",80.58,NA,"Uganda",7.83,7.58,7.33,7.5,7.5
"1331",80.5,NA,"Uganda",7.75,7.42,7.33,7.67,7.58
"1332",80.17,NA,"India",7.67,7.67,7.5,7.58,7.5
"1333",80.17,NA,"India",7.58,7.42,7.42,7.42,7.5
"1334",79.33,"Arusha","United States",7.92,7.5,7.42,7.42,7.42
"1335",78.75,NA,"Ecuador",7.75,7.58,7.33,5.08,7.83
"1336",78.08,NA,"Ecuador",7.5,7.67,7.75,5.17,5.25
"1337",77.17,NA,"United States",7.33,7.33,7.17,7.5,7.17
"1338",75.08,NA,"India",7.42,6.83,6.75,7.25,7
"1339",73.75,NA,"Vietnam",6.75,6.67,6.5,6.92,6.83
